row_index,fold,y_true,predicted_probability,predicted_class_at_0_50
0,5,0,0.3550969603807807,0
1,2,0,0.24745942029313187,0
2,1,0,0.06991466064891104,0
3,1,0,0.13175906667160542,0
4,2,0,0.3180271530296529,0
5,1,0,0.039298088560581715,0
6,2,0,0.12872971377875725,0
7,2,0,0.10164495584083584,0
8,4,0,0.036367970282549504,0
9,5,0,0.04078115319630046,0
10,5,0,0.12310458137034869,0
11,4,0,0.2537702453771254,0
12,4,0,0.27808182551421173,0
13,5,0,0.07739139277200455,0
14,1,0,0.6101792107613634,1
15,3,0,0.055007125391836297,0
16,4,0,0.24320443810345868,0
17,5,0,0.4342732037854931,0
18,5,0,0.035007338530956125,0
19,5,0,0.1475317963055814,0
20,2,0,0.3210771791201272,0
21,1,0,0.022074838196748332,0
22,3,0,0.05582863063749446,0
23,1,0,0.13136773374204957,0
24,3,0,0.23961102216710106,0
25,5,1,0.1756582876573681,0
26,1,1,0.735314590873666,1
27,2,1,0.7272200903184065,1
28,1,0,0.6841096318071472,1
29,5,1,0.58971065180397,1
30,2,0,0.03495933736287409,0
31,1,1,0.7998992310223577,1
32,3,1,0.04906322482347369,0
33,4,0,0.04985282654125901,0
34,5,0,0.01960196023347293,0
35,5,1,0.2384387839631043,0
36,5,0,0.6153340577200681,1
37,5,0,0.6335078825532736,1
38,2,0,0.396814907646882,0
39,4,0,0.2629055238929029,0
40,5,0,0.3732579542607476,0
41,2,0,0.4393939150772647,0
42,3,0,0.10927731012715199,0
43,1,1,0.788717519154563,1
44,1,0,0.16689825644297604,0
45,2,1,0.246250876651524,0
46,2,0,0.07613699136024236,0
47,3,0,0.08813846813196864,0
48,2,1,0.518110496372202,1
49,1,0,0.11662395179709222,0
50,2,0,0.4380934728308755,0
51,3,1,0.5839018330910305,1
52,2,0,0.2381968044711891,0
53,4,1,0.7669507125130084,1
54,5,0,0.17595755490208642,0
55,2,0,0.026030889772232325,0
56,1,0,0.01382321717590329,0
57,3,0,0.05921965073226016,0
58,5,1,0.12392500904947043,0
59,4,0,0.04044955494507466,0
60,5,1,0.7322595501119881,1
61,4,0,0.16574962041620248,0
62,3,1,0.43024377392115737,0
63,4,1,0.7785669830445404,1
64,1,1,0.6564179565910925,1
65,2,0,0.21092330418563615,0
66,3,0,0.020602463119452703,0
67,5,1,0.5178560714340282,1
68,2,0,0.12372325760570696,0
69,5,0,0.021299076061415387,0
70,4,0,0.021496375469745647,0
71,5,1,0.6563201840750524,1
72,4,0,0.18169368868917382,0
73,4,0,0.5429309979046693,1
74,4,0,0.09886711338244011,0
75,1,0,0.07278569697862765,0
76,1,1,0.17980474546292927,0
77,1,1,0.8117953003627354,1
78,1,0,0.03858298570785649,0
79,3,0,0.11214545125595915,0
80,3,0,0.10277047743194188,0
81,1,0,0.4230336082968189,0
82,5,0,0.0189177638468085,0
83,1,0,0.03257441557593305,0
84,1,0,0.04250782337641777,0
85,2,0,0.17568219554039802,0
86,1,0,0.012312171871921405,0
87,2,0,0.16899614115285294,0
88,4,0,0.03131828162351797,0
89,3,0,0.018854076020420222,0
90,4,0,0.06506858774757375,0
91,2,1,0.703619738144165,1
92,3,1,0.7402895604184808,1
93,2,0,0.47323075518744423,0
94,3,0,0.10044700117478371,0
95,4,0,0.04105536876748975,0
96,1,0,0.19653478784005862,0
97,4,0,0.3042241999876872,0
98,5,0,0.1687284673025563,0
99,2,0,0.24326871803066577,0
100,4,0,0.10678282308518741,0
101,1,1,0.3713532217754926,0
102,5,0,0.1987580551133205,0
103,3,0,0.12728099658917133,0
104,2,1,0.7884501513334213,1
105,4,0,0.047356383395993226,0
106,1,0,0.15876222951738853,0
107,3,0,0.045382596643023014,0
108,1,0,0.08554464723527994,0
109,1,0,0.42599607082300817,0
110,1,0,0.045192749500325646,0
111,5,1,0.4985656138479713,0
112,4,0,0.12006914777012093,0
113,5,1,0.11994392043215908,0
114,3,0,0.6060347860311843,1
115,3,0,0.013799785081869837,0
116,2,0,0.07284213998738459,0
117,5,0,0.0808939459986469,0
118,4,1,0.6507537507309613,1
119,3,0,0.04343152617398274,0
120,1,0,0.08279618684251891,0
121,4,1,0.26050451926032253,0
122,1,0,0.07022720748060675,0
123,5,0,0.0795932868506004,0
124,3,0,0.27433832664930735,0
125,1,0,0.01785145933442749,0
126,5,1,0.7675437556094742,1
127,5,1,0.18765511880796512,0
128,3,0,0.14154569777060852,0
129,5,0,0.13344507094308225,0
130,4,0,0.09408245817710723,0
131,4,0,0.4675948716082942,0
132,1,0,0.08331531914143292,0
133,1,0,0.13452712227902994,0
134,3,0,0.4414132154520977,0
135,4,0,0.2358704505118791,0
136,3,0,0.15607144069486484,0
137,2,1,0.8065051802142091,1
138,3,1,0.46236811898303415,0
139,1,0,0.06402690668171715,0
140,1,0,0.0211391428518464,0
141,1,0,0.08582947697361033,0
142,5,0,0.2698649604240685,0
143,2,1,0.3684191398497858,0
144,2,0,0.011824522959991823,0
145,2,1,0.799380378569865,1
146,3,0,0.1514790500379325,0
147,4,0,0.23780395278542785,0
148,2,0,0.1885135207010153,0
149,1,0,0.013854402448386332,0
150,2,1,0.24406317165656147,0
151,5,0,0.00969433252916296,0
152,4,0,0.12421093851106105,0
153,4,1,0.7077726589749751,1
154,1,1,0.12652715067905043,0
155,4,0,0.18461194866732641,0
156,2,0,0.06819493302326907,0
157,3,1,0.7325157994971061,1
158,4,0,0.15128009172815468,0
159,3,0,0.02739755005098648,0
160,5,0,0.014431535178692731,0
161,5,0,0.13709770502850302,0
162,1,0,0.020163831641146834,0
163,5,1,0.658369482401191,1
164,2,0,0.1720384125035335,0
165,1,1,0.6492776714555272,1
166,4,0,0.0407107182938262,0
167,4,0,0.14036024605945258,0
168,4,0,0.47160955910061325,0
169,3,1,0.7333732991953018,1
170,2,0,0.40812763347174497,0
171,1,0,0.027060649770764583,0
172,1,0,0.44376544862591444,0
173,5,0,0.2589850213709507,0
174,5,0,0.009063320006410535,0
175,1,0,0.16577786574237788,0
176,4,0,0.5796808076629183,1
177,1,1,0.5641065346615531,1
178,4,0,0.05907803189050969,0
179,1,0,0.21019639796468892,0
180,4,0,0.10280109191007546,0
181,1,1,0.179184287407859,0
182,5,0,0.0325334597581747,0
183,5,0,0.008876086158492717,0
184,5,0,0.16429529384966776,0
185,3,0,0.3620882768045094,0
186,3,0,0.058930444616934814,0
187,3,0,0.08509290658869458,0
188,2,0,0.49473704075821123,0
189,2,0,0.7537084284395761,1
190,1,1,0.6294005832976641,1
191,1,0,0.016442538293195516,0
192,4,0,0.31781911331520857,0
193,5,1,0.1641997420718654,0
194,4,0,0.019196215417017385,0
195,4,1,0.29262336620433976,0
196,2,0,0.05275641720648493,0
197,5,0,0.6155313326222192,1
198,5,0,0.035486753250797684,0
199,2,0,0.08380790183768219,0
200,1,0,0.08283173064595012,0
201,5,0,0.014469578984330511,0
202,1,0,0.0320194393774101,0
203,4,0,0.047163768173821896,0
204,4,0,0.023304246833059063,0
205,2,0,0.08935036389392469,0
206,2,0,0.7297092772690383,1
207,3,0,0.7621496874648264,1
208,1,1,0.3036678033430386,0
209,3,0,0.14926260279960718,0
210,2,1,0.7384649720719023,1
211,3,0,0.10748644233901092,0
212,5,0,0.04283238329710419,0
213,2,1,0.07526555490540719,0
214,5,0,0.05808838782236066,0
215,2,1,0.8091503602825638,1
216,5,1,0.18297392840610097,0
217,4,0,0.08373922587678435,0
218,5,1,0.42553728284665177,0
219,4,1,0.7566520208684294,1
220,3,0,0.01860950623635623,0
221,3,0,0.050364853430136775,0
222,1,1,0.3537965042680603,0
223,3,0,0.12303052797613288,0
224,2,0,0.04239344155020034,0
225,3,0,0.3120235494038294,0
226,1,1,0.639410668705586,1
227,4,0,0.015532262027867092,0
228,5,1,0.05920263800881038,0
229,2,1,0.8318226303879611,1
230,2,0,0.2237752909860146,0
231,1,1,0.6879114907621948,1
232,3,1,0.6810345027726064,1
233,4,1,0.4691607089027521,0
234,5,0,0.1349732415181258,0
235,1,1,0.35313575925621804,0
236,4,0,0.043469938866508316,0
237,1,0,0.13934394595517294,0
238,2,0,0.08875080625103202,0
239,2,0,0.26524235689229436,0
240,5,0,0.15722583796107956,0
241,4,1,0.8025973461501441,1
242,5,0,0.030979985604002648,0
243,3,1,0.7854952834326837,1
244,2,0,0.21037200139952078,0
245,5,0,0.6100142741190909,1
246,1,0,0.05726859882585206,0
247,2,0,0.035811195696902054,0
248,1,0,0.7131770559350689,1
249,1,0,0.586179324622426,1
250,4,0,0.11454935360228705,0
251,4,0,0.010643433831091405,0
252,3,1,0.38196856923466427,0
253,4,1,0.21152066118403542,0
254,5,0,0.43699920648329754,0
255,5,0,0.017363107948445467,0
256,1,0,0.03810386235232996,0
257,1,0,0.5939831125723928,1
258,2,0,0.05187256154669336,0
259,5,0,0.021571752287792824,0
260,4,0,0.018392272904634244,0
261,2,0,0.04645482492865431,0
262,2,0,0.04848523463841837,0
263,4,0,0.023444600068081106,0
264,1,0,0.19426536074626619,0
265,2,0,0.08413585160422424,0
266,2,0,0.07532336903969063,0
267,3,0,0.18505182171252402,0
268,4,1,0.7711792433618774,1
269,2,0,0.0568958053997677,0
270,1,0,0.019886952083578366,0
271,1,1,0.7567742411873576,1
272,2,1,0.1439011982526018,0
273,4,1,0.7705074679197661,1
274,5,1,0.4943819954843275,0
275,2,0,0.18354577910080014,0
276,3,1,0.613379751174028,1
277,3,0,0.04467552576610673,0
278,3,0,0.018394787792242538,0
279,1,1,0.5751016128314731,1
280,3,0,0.18185319452600446,0
281,3,0,0.034777692757730176,0
282,1,1,0.8107039610499844,1
283,1,0,0.17696502192623811,0
284,5,0,0.05747046519373797,0
285,3,0,0.15080831229710948,0
286,2,0,0.08563515880908565,0
287,4,1,0.3260052564443207,0
288,4,0,0.033692991659541996,0
289,2,0,0.028239059633632754,0
290,1,0,0.17905148787169015,0
291,4,1,0.8014648267101397,1
292,3,0,0.03223157183006002,0
293,1,1,0.599362512161462,1
294,1,0,0.1380215565267606,0
295,5,0,0.3986911494679449,0
296,5,1,0.697067665821944,1
297,2,1,0.7192313759314221,1
298,1,0,0.16185339230552342,0
299,4,0,0.09143430632857934,0
300,3,0,0.3056775557669141,0
301,3,0,0.1551900606229511,0
302,2,0,0.36653687630410514,0
303,1,0,0.699661987242043,1
304,4,0,0.7067038097789146,1
305,3,0,0.030035320549726362,0
306,4,0,0.12015697863568073,0
307,3,0,0.3163054605805607,0
308,5,0,0.11736792124521508,0
309,4,0,0.4998879667927125,0
310,3,1,0.15843832241550895,0
311,3,0,0.1033150733989727,0
312,5,0,0.27087999461279855,0
313,5,0,0.061758333121847454,0
314,5,1,0.40367650147758605,0
315,1,0,0.10658591545949277,0
316,5,0,0.11789934239747117,0
317,3,1,0.7452906915648937,1
318,1,1,0.5722306720051806,1
319,2,0,0.14890059940144101,0
320,4,0,0.03304331701544771,0
321,5,0,0.18375242522842247,0
322,2,0,0.2879635375223736,0
323,4,1,0.5956867974901554,1
324,5,0,0.6290790193258522,1
325,3,0,0.4732593889603491,0
326,1,0,0.06280337677047024,0
327,4,0,0.01293920935414045,0
328,1,0,0.09669558877683423,0
329,1,0,0.03816978621383246,0
330,5,0,0.09554142424674561,0
331,5,0,0.3184841190821054,0
332,5,0,0.34334760942006975,0
333,3,0,0.051642482459384936,0
334,2,1,0.41861436752778414,0
335,1,0,0.016827592338171465,0
336,2,1,0.7468981042486631,1
337,4,0,0.5184617424500031,1
338,2,1,0.7041035588690971,1
339,5,0,0.056240738807546355,0
340,3,0,0.013330143338617378,0
341,4,0,0.4341535858188686,0
342,2,0,0.17070462629784602,0
343,2,0,0.21929340650024393,0
344,1,0,0.37020270285395784,0
345,5,0,0.10827469314832126,0
346,3,0,0.03134300108288913,0
347,3,0,0.22303830294283325,0
348,3,0,0.01057136687667514,0
349,3,0,0.04175788845220665,0
350,5,1,0.543466189846118,1
351,1,0,0.021197161533719297,0
352,1,1,0.7367851485717878,1
353,2,0,0.14796301884535767,0
354,1,0,0.04765732911486314,0
355,1,0,0.26904745172213196,0
356,3,1,0.16173783348959367,0
357,2,1,0.15980763225051972,0
358,4,0,0.05084481329551504,0
359,5,0,0.021747732086847167,0
360,3,1,0.05726816992138402,0
361,2,0,0.030251447910045748,0
362,4,1,0.37316890736301633,0
363,3,0,0.12362051449357148,0
364,1,1,0.7687549673129653,1
365,2,0,0.3337387935346105,0
366,1,0,0.03158832165180388,0
367,2,0,0.2985760903808404,0
368,1,1,0.5092202784428456,1
369,1,0,0.07346844990559562,0
370,1,0,0.047613335198734424,0
371,3,1,0.5658607470577316,1
372,4,0,0.14815930389797397,0
373,2,0,0.1654383225377371,0
374,3,0,0.03295359699092668,0
375,3,0,0.17219065531899275,0
376,2,0,0.012460466250012615,0
377,1,1,0.6604200785996187,1
378,3,0,0.02862009742399971,0
379,4,0,0.06696065174256959,0
380,5,1,0.5363070510374804,1
381,4,0,0.0886148760912617,0
382,1,0,0.21469353888779463,0
383,2,1,0.39394480786346464,0
384,1,0,0.03922838710778189,0
385,1,0,0.02241879596092289,0
386,3,0,0.02849156573280564,0
387,4,0,0.4522606342599134,0
388,5,0,0.03349158388797205,0
389,1,0,0.040854964566631465,0
390,3,0,0.26759059415736836,0
391,3,0,0.06753145493937009,0
392,3,0,0.1285604649440927,0
393,4,1,0.7159010424952381,1
394,1,1,0.055971608155516946,0
395,5,0,0.02062972839360428,0
396,1,1,0.45374268583166566,0
397,5,0,0.47847093951085873,0
398,1,1,0.2400742292297743,0
399,4,0,0.028766943724231473,0
400,5,0,0.05580068448262836,0
401,4,1,0.793874509233581,1
402,1,0,0.07985552469850003,0
403,5,0,0.37769255166998145,0
404,3,0,0.11916854081356809,0
405,3,0,0.3067866039527791,0
406,3,0,0.008822529336407682,0
407,5,1,0.0191619015621177,0
408,5,0,0.04082379133125511,0
409,2,0,0.06246645694212945,0
410,2,1,0.6686100630079207,1
411,2,0,0.49472672179867516,0
412,1,0,0.028157905616509556,0
413,5,0,0.03922538910232097,0
414,5,1,0.4182259631528188,0
415,4,1,0.4559325991633424,0
416,2,0,0.022644896153991425,0
417,4,0,0.2604826293293455,0
418,2,0,0.3664796930139687,0
419,2,0,0.7345268509700242,1
420,2,0,0.40274791600729376,0
421,2,0,0.49598027526237964,0
422,1,0,0.1544238841666795,0
423,3,0,0.05805038713107244,0
424,4,1,0.7995226236555523,1
425,3,0,0.13267496184666824,0
426,2,1,0.5404265938261633,1
427,4,0,0.4770304909560378,0
428,1,0,0.44409508619846516,0
429,3,0,0.0979561329802844,0
430,3,0,0.13532450273933527,0
431,1,0,0.04475106236843156,0
432,3,0,0.01660660424085882,0
433,4,0,0.024063281414992702,0
434,1,0,0.13499299294574194,0
435,4,0,0.03941092746506557,0
436,2,0,0.6462983298698386,1
437,1,0,0.012938176711175888,0
438,1,0,0.05208371733633673,0
439,3,0,0.0768489101411993,0
440,3,0,0.01071441419849477,0
441,4,0,0.04312909879461733,0
442,2,0,0.15475031724481858,0
443,2,0,0.03246404395564259,0
444,1,1,0.3518393816489928,0
445,3,1,0.5571940587171226,1
446,1,1,0.2263520079478629,0
447,4,0,0.3910272020638253,0
448,5,0,0.062233425884271484,0
449,4,1,0.620650178615393,1
450,2,0,0.3092972389550935,0
451,2,0,0.42276495049065954,0
452,1,0,0.021853987641020492,0
453,1,0,0.04391695610571148,0
454,1,0,0.020898055839546195,0
455,1,1,0.7343562464490372,1
456,2,0,0.05006390725987769,0
457,4,0,0.38412544868485793,0
458,3,0,0.17758999493159244,0
459,4,0,0.339902538960597,0
460,4,1,0.552976211027639,1
461,1,0,0.09724164768643781,0
462,2,0,0.05503901369022468,0
463,3,0,0.15611926680378663,0
464,4,1,0.7142199024717967,1
465,1,0,0.3172276532686939,0
466,2,1,0.2281091844804685,0
467,1,0,0.035397037434237964,0
468,3,0,0.08110463523970617,0
469,4,0,0.4583628191365828,0
470,4,1,0.11394701259854181,0
471,1,0,0.17161365224345088,0
472,3,1,0.5832451249890479,1
473,4,1,0.06667036628647255,0
474,3,0,0.15357601283704836,0
475,4,0,0.6929594663657829,1
476,2,1,0.1523508666062081,0
477,3,0,0.22111796480749452,0
478,4,0,0.008740201672688611,0
479,2,0,0.41310934836372054,0
480,5,1,0.41568476620600103,0
481,5,0,0.5908538612315524,1
482,2,1,0.7246719256066668,1
483,3,0,0.0204393668801181,0
484,1,1,0.446002409726768,0
485,5,1,0.3933603576768236,0
486,4,0,0.049924687453743795,0
487,5,1,0.5779968187678386,1
488,3,1,0.4428486445206986,0
489,5,0,0.12965938068056723,0
490,1,0,0.20648621933662323,0
491,3,0,0.08476799567114694,0
492,2,0,0.13536389177134825,0
493,4,1,0.20865200811546683,0
494,1,0,0.09437269956876797,0
495,3,1,0.6634314384974382,1
496,2,0,0.6555101594193764,1
497,3,0,0.46440179868136344,0
498,5,0,0.0525438047329787,0
499,3,1,0.3346154129679247,0
500,2,0,0.16974771510357606,0
501,5,0,0.02832232871365716,0
502,5,0,0.03725400851922192,0
503,2,1,0.504520495712294,1
504,5,0,0.037423691740076585,0
505,2,0,0.1032319858891889,0
506,5,0,0.08253938474542173,0
507,2,0,0.05268300654599606,0
508,3,1,0.44085068831165225,0
509,2,0,0.011323193717009909,0
510,5,1,0.5804449079527416,1
511,1,1,0.5309157865870731,1
512,2,0,0.016615204448349984,0
513,1,0,0.019959689745391807,0
514,2,1,0.3142916484389678,0
515,4,0,0.049166264443985114,0
516,4,1,0.1467892981032148,0
517,3,0,0.25783835405285843,0
518,5,0,0.03598476469134869,0
519,5,0,0.02820276645814024,0
520,2,0,0.7168016740837817,1
521,2,0,0.1269776654451582,0
522,1,0,0.02129508836200523,0
523,3,0,0.5316464326633742,1
524,2,0,0.06265993128452566,0
525,3,1,0.8409410676526279,1
526,2,0,0.025796711653210905,0
527,5,1,0.23359089891976942,0
528,4,1,0.7332528576393132,1
529,2,1,0.5401431773179326,1
530,1,0,0.6676298856578776,1
531,1,0,0.024892913283040316,0
532,4,1,0.7709145030239862,1
533,5,0,0.12737728090254716,0
534,5,0,0.1036890004590878,0
535,1,0,0.07723076555920386,0
536,5,1,0.5750138405541553,1
537,2,0,0.047934792659285366,0
538,4,0,0.017994267808147852,0
539,2,0,0.07792372736381624,0
540,3,1,0.44969011445285634,0
541,5,0,0.02535546815524713,0
542,5,0,0.0681905069508654,0
543,1,0,0.3263321889322093,0
544,5,0,0.011524708476213603,0
545,3,0,0.10880157471623335,0
546,3,0,0.19833785931045514,0
547,2,0,0.05319359592281482,0
548,5,1,0.5604446592122251,1
549,1,0,0.06937342560241315,0
550,3,0,0.015690257938748325,0
551,2,0,0.01339255336759092,0
552,1,0,0.09214355484076117,0
553,2,0,0.46690291638690307,0
554,5,1,0.4700037180461423,0
555,4,0,0.06438399033970374,0
556,3,0,0.6257743424322112,1
557,2,0,0.2040830946341817,0
558,2,1,0.1723373203265806,0
559,1,0,0.03354374110607499,0
560,3,0,0.09463868742547088,0
561,1,0,0.18789354106708758,0
562,4,0,0.3738591253478049,0
563,1,0,0.7058407082098158,1
564,3,0,0.07926507338974356,0
565,4,0,0.041963648727172946,0
566,1,1,0.26267185246933433,0
567,2,0,0.23246736378370908,0
568,1,0,0.0628736095155495,0
569,2,0,0.07006587066507232,0
570,3,0,0.21598569948199642,0
571,3,1,0.6345625914046383,1
572,4,1,0.5511319570520251,1
573,3,0,0.33159263179572496,0
574,1,0,0.11317505944127391,0
575,2,0,0.11373154104181617,0
576,2,0,0.04365729107605366,0
577,4,0,0.1995784815626838,0
578,1,0,0.09160245457605146,0
579,1,1,0.28335149573682733,0
580,3,0,0.041429230496057734,0
581,3,0,0.27488241700418836,0
582,5,0,0.06010953166464323,0
583,5,0,0.06638848609891985,0
584,2,1,0.8157149359547888,1
585,1,1,0.7652240303443507,1
586,5,0,0.021382953468486107,0
587,3,0,0.025969747048593738,0
588,5,0,0.059665003169006255,0
589,1,0,0.023717197046899147,0
590,2,0,0.1282687680294932,0
591,5,1,0.09619472520971889,0
592,1,1,0.68382468239279,1
593,2,0,0.514138080012823,1
594,1,1,0.5827013842822684,1
595,3,0,0.07116113924928333,0
596,2,0,0.24159302023086607,0
597,5,0,0.4149778533546179,0
598,2,0,0.019095490927948263,0
599,1,1,0.7750821447226027,1
600,4,0,0.8204640635707503,1
601,2,1,0.30293587169959535,0
602,1,0,0.19693525369568632,0
603,5,0,0.20062912377350592,0
604,5,1,0.6583642471612874,1
605,4,0,0.7475979059465634,1
606,4,0,0.5257266411213284,1
607,3,1,0.5436132024344357,1
608,5,0,0.02709581338515249,0
609,2,0,0.17888738188255848,0
610,1,1,0.6960469357540429,1
611,3,0,0.08716174984972253,0
612,3,1,0.28775385169183904,0
613,1,1,0.26398482199204965,0
614,1,0,0.018541071788431198,0
615,3,1,0.4501899962833765,0
616,5,0,0.18857411564494939,0
617,4,1,0.784888551604961,1
618,5,0,0.295281659462965,0
619,3,0,0.7837077970361472,1
620,5,0,0.02172848805849021,0
621,2,0,0.03452861641797842,0
622,4,0,0.09138054054730992,0
623,2,0,0.03582027852839205,0
624,3,1,0.7035049845328983,1
625,2,0,0.0584843483542909,0
626,5,0,0.13852050542785754,0
627,4,0,0.06183980461634491,0
628,5,0,0.055204262960101794,0
629,4,0,0.06230270834003064,0
630,4,0,0.14913952594307867,0
631,3,1,0.475537533940293,0
632,4,1,0.2584691380631224,0
633,3,0,0.031995216361241786,0
634,1,0,0.6484912392199353,1
635,3,1,0.376488786802283,0
636,3,1,0.11007443045770096,0
637,3,1,0.5489660600940098,1
638,1,0,0.04851038783800523,0
639,1,0,0.0658897296495807,0
640,2,0,0.441531206886318,0
641,4,1,0.6217653555325882,1
642,1,0,0.048406844139068844,0
643,5,1,0.4975708572561226,0
644,5,0,0.01552959729555742,0
645,1,1,0.19920470291034742,0
646,2,0,0.09532043327015707,0
647,3,0,0.047410432448329515,0
648,3,0,0.03567459576281451,0
649,4,0,0.5950618553312133,1
650,5,0,0.2166001371294874,0
651,5,0,0.2566939912075707,0
652,3,0,0.17511562320271978,0
653,4,0,0.0469080247384579,0
654,1,0,0.09472097710047682,0
655,5,0,0.3653937617933281,0
656,4,1,0.8443405892303039,1
657,5,0,0.141001124439279,0
658,2,1,0.08881700255104048,0
659,1,0,0.048782940030888546,0
660,4,0,0.09577841480329102,0
661,3,0,0.02804211238454417,0
662,4,1,0.18081466061659698,0
663,3,0,0.35697634247701837,0
664,3,0,0.01642167632413894,0
665,1,0,0.13240402802822898,0
666,3,1,0.12103090260080948,0
667,2,1,0.4116000136254625,0
668,2,0,0.5281978011446989,1
669,5,0,0.04467048747129861,0
670,1,0,0.18801954656685646,0
671,4,0,0.06925892941493528,0
672,3,0,0.07277628453529934,0
673,1,0,0.0853431583771599,0
674,4,0,0.23829071012847408,0
675,2,0,0.022405863210743282,0
676,2,0,0.33320538543265626,0
677,3,0,0.01657480628837885,0
678,4,0,0.044118125273392574,0
679,1,0,0.023949464939043773,0
680,5,1,0.6859924978812421,1
681,2,0,0.08323912304475778,0
682,1,0,0.028495414349028265,0
683,1,0,0.12365960660494986,0
684,5,1,0.5508907580878215,1
685,3,0,0.06929396100331821,0
686,5,0,0.013600507697871644,0
687,3,0,0.3312734536392967,0
688,1,0,0.13584682295110959,0
689,5,0,0.11380344929050343,0
690,4,1,0.41528867796531693,0
691,5,0,0.01983375565761492,0
692,1,0,0.4344046736496552,0
693,5,0,0.041946363578415864,0
694,3,0,0.6520134795191901,1
695,2,0,0.051625826009606045,0
696,4,1,0.6635451851338998,1
697,5,0,0.06621166916482374,0
698,3,1,0.7538283836210053,1
699,5,0,0.12772993376642877,0
700,4,0,0.19677003214585517,0
701,3,0,0.07360627783034657,0
702,1,0,0.22565008661691335,0
703,3,0,0.466312865371554,0
704,1,0,0.36543165848347947,0
705,1,0,0.023144605214809977,0
706,4,0,0.35853587780423,0
707,3,1,0.02952086459094335,0
708,5,0,0.024630316577800366,0
709,2,0,0.15861728150799997,0
710,4,0,0.5279605139117418,1
711,5,0,0.13091985959488545,0
712,1,1,0.22679695158993324,0
713,3,0,0.4422024905450744,0
714,3,0,0.08451069283052344,0
715,4,0,0.03229233585344551,0
716,5,1,0.25064262606289106,0
717,2,0,0.09249357102354647,0
718,1,0,0.01910994970621711,0
719,2,0,0.055536142965256344,0
720,5,0,0.020429435939648362,0
721,5,0,0.03491686121660965,0
722,1,0,0.5031068674493335,1
723,4,0,0.2835406658791049,0
724,1,0,0.21440091866037933,0
725,4,0,0.3276199283278577,0
726,4,0,0.0550111978560211,0
727,3,0,0.5368813905832309,1
728,5,0,0.5202885226386263,1
729,5,0,0.012655989296011803,0
730,3,1,0.2995224869248347,0
731,1,0,0.19153866775831166,0
732,1,0,0.381887881357151,0
733,1,1,0.5205462169106662,1
734,5,1,0.7125226037881683,1
735,2,0,0.11141888119980309,0
736,1,0,0.08444738785891037,0
737,1,1,0.20889908932877785,0
738,3,1,0.7346210307415915,1
739,3,0,0.12602397423050196,0
740,5,0,0.05760513982166221,0
741,2,1,0.21558371979936056,0
742,4,1,0.8281459556187717,1
743,1,0,0.05052381937843925,0
744,1,0,0.04899025499196776,0
745,5,1,0.4711398124024558,0
746,5,0,0.6468735941161503,1
747,5,0,0.6461493535530805,1
748,1,0,0.04085530852436211,0
749,2,1,0.684932281400712,1
750,4,1,0.7219156454969261,1
751,3,0,0.3799172515297417,0
752,3,1,0.13932160431528026,0
753,4,0,0.24503317729341978,0
754,3,0,0.05273501565628941,0
755,4,0,0.24688052131716443,0
756,5,0,0.03834004474827137,0
757,2,0,0.03901913986719683,0
758,1,1,0.5885692580681741,1
759,5,0,0.020003703418049905,0
760,5,0,0.35905436900069004,0
761,3,0,0.12487577349674166,0
762,4,0,0.08153118294260678,0
763,2,0,0.10381302316978724,0
764,5,1,0.7479358009506641,1
765,5,0,0.03853872471211635,0
766,3,0,0.13313714526622972,0
767,4,0,0.19555857977228894,0
768,3,1,0.11322570511132252,0
769,1,0,0.062072613437941425,0
770,4,0,0.47749708959733134,0
771,3,0,0.39076482473746693,0
772,1,0,0.07352894941667819,0
773,5,0,0.06764759209926818,0
774,1,0,0.1191153528181348,0
775,5,0,0.29979362534838094,0
776,5,0,0.20205113736535493,0
777,3,1,0.6247312913667759,1
778,1,0,0.03621634751568809,0
779,3,0,0.28523638459490247,0
780,1,0,0.01485840425443754,0
781,4,0,0.20991402836886047,0
782,2,1,0.41233182252089434,0
783,1,0,0.1122011627437622,0
784,4,0,0.38408081906165426,0
785,2,1,0.3042283815518423,0
786,2,1,0.7292668247928132,1
787,5,0,0.1564848385714552,0
788,1,0,0.040904375552174826,0
789,2,0,0.1012423065491069,0
790,4,0,0.021160268960475962,0
791,3,1,0.15169595738848946,0
792,4,0,0.1003333020294709,0
793,3,0,0.10148369362300516,0
794,5,0,0.013077238435284624,0
795,5,1,0.49230428090850764,0
796,4,0,0.7329906336937244,1
797,1,1,0.42464332802126337,0
798,2,0,0.04968525923282453,0
799,2,1,0.7474782863285662,1
800,4,0,0.019804148329670843,0
801,5,0,0.013919456378143324,0
802,3,1,0.7327490916261634,1
803,2,0,0.08358942355293991,0
804,1,0,0.09887581616798584,0
805,1,0,0.054789136680567625,0
806,1,0,0.06021429270367053,0
807,1,0,0.048506107685642626,0
808,2,0,0.12569207229876572,0
809,1,0,0.0483980116259529,0
810,2,0,0.035730277428385346,0
811,3,1,0.16412584677751166,0
812,2,1,0.4122835969404457,0
813,2,1,0.17095766314332808,0
814,3,0,0.07239854972706618,0
815,3,0,0.5869242599988219,1
816,5,0,0.0701546059964907,0
817,3,0,0.06270412682884986,0
818,5,1,0.6401151283509223,1
819,4,0,0.23354591978498226,0
820,5,1,0.7681141173344337,1
821,3,0,0.10113903872026778,0
822,3,0,0.1340039177935074,0
823,4,0,0.15595511743145862,0
824,2,1,0.02950430837576871,0
825,1,0,0.7338659083081362,1
826,1,0,0.024533375234891377,0
827,3,1,0.7718526485358396,1
828,2,0,0.8151612737215879,1
829,3,0,0.20902280988319494,0
830,3,0,0.16009421939574253,0
831,2,0,0.7651994964425795,1
832,1,0,0.3710693010791984,0
833,2,0,0.018986784996235538,0
834,5,0,0.25738835525489573,0
835,1,0,0.09190042990613523,0
836,3,0,0.07332353325955798,0
837,5,1,0.42285840398096647,0
838,2,0,0.7477230182390392,1
839,1,0,0.13676871267021182,0
840,4,0,0.09612472108742119,0
841,1,0,0.08490981543566627,0
842,5,1,0.7805925727190858,1
843,1,1,0.1416031207747149,0
844,5,0,0.018062668011051747,0
845,3,1,0.7109209017440341,1
846,1,0,0.2549405600604254,0
847,1,0,0.10885256549945808,0
848,2,0,0.02339892551377033,0
849,1,0,0.009408991278464889,0
850,4,0,0.07215890664418971,0
851,2,0,0.01433649641283362,0
852,5,0,0.1334657551557738,0
853,5,1,0.6529450972167615,1
854,1,1,0.7823823612995638,1
855,1,1,0.7427592942850689,1
856,2,0,0.16322256668169177,0
857,3,0,0.1260628529068554,0
858,2,1,0.6252409116387753,1
859,2,0,0.02614872691801259,0
860,4,0,0.057673152508846144,0
861,4,0,0.10036985514190461,0
862,1,0,0.17269190773878737,0
863,4,0,0.2044145508936227,0
864,3,0,0.05795141114423474,0
865,1,0,0.07490629328718232,0
866,4,0,0.11176439344591715,0
867,2,0,0.33214287912838686,0
868,3,0,0.03553313576042776,0
869,1,0,0.03895960483467045,0
870,1,0,0.04669872384005218,0
871,2,0,0.034103685668926714,0
872,3,0,0.24140216799285644,0
873,1,0,0.17877779839035615,0
874,1,0,0.2124321078119483,0
875,1,0,0.04380680930670193,0
876,1,0,0.13988928442094212,0
877,2,1,0.7091297848414292,1
878,2,0,0.41224607404832103,0
879,4,0,0.12455668862047276,0
880,5,0,0.22861773502000352,0
881,2,0,0.2689598102718863,0
882,2,0,0.03583285836733934,0
883,3,0,0.10300958293475312,0
884,2,0,0.17727588171469627,0
885,4,0,0.17698510555487412,0
886,4,0,0.01692423231080776,0
887,5,0,0.0652394688270103,0
888,1,0,0.48321162631453907,0
889,3,1,0.3680136778532815,0
890,1,0,0.3873150095104413,0
891,5,1,0.5618175395875826,1
892,3,1,0.5857890612226676,1
893,4,0,0.2554464640819933,0
894,4,0,0.03326941244705281,0
895,1,1,0.7373261609715539,1
896,1,0,0.1053121114324086,0
897,5,0,0.0449296204554125,0
898,5,1,0.5111669427088745,1
899,4,1,0.6773261552725904,1
900,3,1,0.42162209377128207,0
901,2,0,0.059337305937775704,0
902,3,1,0.738859585719883,1
903,2,1,0.7367042349886799,1
904,2,0,0.019054341939987337,0
905,4,0,0.130181765236231,0
906,5,0,0.7239136056475857,1
907,2,0,0.21911383327360207,0
908,5,0,0.052609160016194166,0
909,4,0,0.10165243500602913,0
910,2,0,0.017073862238467404,0
911,2,0,0.02889684054730543,0
912,5,0,0.02891118822553753,0
913,1,1,0.038991694741585835,0
914,5,1,0.23554216090398633,0
915,2,0,0.11235634463723636,0
916,1,1,0.09123318556453992,0
917,3,0,0.4510073727167292,0
918,3,0,0.046440044684976915,0
919,1,0,0.12775096945181272,0
920,5,1,0.858316499491225,1
921,1,0,0.1424611587495051,0
922,3,1,0.376466735767482,0
923,4,1,0.7597612897266073,1
924,3,0,0.6157963389057148,1
925,1,0,0.1143305300563992,0
926,3,0,0.05762014739102068,0
927,5,0,0.010892396495454572,0
928,3,0,0.1593891540844516,0
929,3,1,0.13690402858532574,0
930,3,0,0.3169681229356486,0
931,3,1,0.2719555060036449,0
932,4,1,0.8152265459304898,1
933,4,0,0.4618996185673848,0
934,1,0,0.5330008205698673,1
935,2,1,0.64041400583267,1
936,1,0,0.04079929176377858,0
937,1,0,0.07231757804959625,0
938,1,1,0.7346535568804651,1
939,1,0,0.014800164727420417,0
940,2,0,0.19404279535548688,0
941,2,0,0.14569230009234618,0
942,2,0,0.03573846111582233,0
943,2,1,0.638287402479035,1
944,3,0,0.2111325208037379,0
945,3,0,0.027346987287467532,0
946,2,1,0.8045443478722616,1
947,5,0,0.04800183972962592,0
948,5,0,0.02232498853258835,0
949,3,0,0.042342860719245354,0
950,5,1,0.36956563761864136,0
951,1,0,0.015936536053957378,0
952,4,1,0.23835012559213145,0
953,3,0,0.031762247978820025,0
954,2,1,0.7153533866738788,1
955,1,0,0.3551210135550685,0
956,1,0,0.043146838732809535,0
957,5,0,0.010582831942620757,0
958,1,1,0.09795849462210858,0
959,2,0,0.49362877614204287,0
960,2,0,0.0490871136458619,0
961,2,0,0.08602541029793213,0
962,1,0,0.13908669960707165,0
963,2,0,0.20382151351390415,0
964,5,0,0.13795061664821454,0
965,5,0,0.024170258242846143,0
966,2,1,0.08155088068332364,0
967,4,1,0.6523248007361774,1
968,1,0,0.04370357054293159,0
969,2,1,0.7535671027692301,1
970,5,0,0.1746848628036759,0
971,4,0,0.30574991581891986,0
972,2,0,0.18123144341188574,0
973,3,0,0.10831743356670756,0
974,1,0,0.024889116890146536,0
975,4,0,0.102655570944754,0
976,2,0,0.6259783924988823,1
977,5,0,0.037688776520057164,0
978,2,1,0.1408300912260329,0
979,2,0,0.05882925403187514,0
980,2,1,0.6283320888150169,1
981,5,0,0.1828365840714697,0
982,5,0,0.4151160538506454,0
983,3,1,0.4074467390455627,0
984,4,1,0.7832487753108391,1
985,3,1,0.8469937668796442,1
986,3,0,0.21737928007926022,0
987,1,0,0.4148066847957351,0
988,3,0,0.19845929624869574,0
989,4,0,0.08117032099709799,0
990,3,1,0.058844905163366046,0
991,4,0,0.06926158015282567,0
992,4,1,0.6216834658264438,1
993,5,1,0.08780214492049512,0
994,2,0,0.2444582662803336,0
995,2,1,0.8747606254346052,1
996,3,0,0.1826205635172265,0
997,4,1,0.46837922439206675,0
998,4,0,0.1983369937708383,0
999,2,1,0.39103453427173185,0
1000,3,1,0.7050706438538877,1
1001,2,0,0.00822837210062487,0
1002,1,0,0.0465245871286938,0
1003,4,0,0.044356848440186496,0
1004,3,0,0.027296617231448404,0
1005,2,0,0.12934782705267783,0
1006,1,0,0.17427695882816416,0
1007,2,0,0.40785387941276807,0
1008,3,0,0.07012766073153043,0
1009,1,0,0.17118567233422155,0
1010,4,1,0.6523956661318259,1
1011,2,0,0.03541770195946687,0
1012,2,0,0.09287533765925976,0
1013,1,0,0.4716460798927955,0
1014,5,0,0.17986195187117066,0
1015,1,0,0.05741279585003872,0
1016,4,0,0.08874245678872436,0
1017,2,0,0.054283166788376684,0
1018,2,0,0.05754410295695051,0
1019,4,0,0.03020534809164277,0
1020,5,0,0.014636020570565308,0
1021,5,0,0.07303805118014935,0
1022,5,0,0.0717152640612601,0
1023,2,1,0.812023692311811,1
1024,2,0,0.6673085320091627,1
1025,1,0,0.03689702093066408,0
1026,4,0,0.5778099898760584,1
1027,4,1,0.8552016611213631,1
1028,5,0,0.08610860524330631,0
1029,2,0,0.17924037394790573,0
1030,2,0,0.27421699275756306,0
1031,2,0,0.47948805599319944,0
1032,2,0,0.012416211651714283,0
1033,1,1,0.6099674261978556,1
1034,5,0,0.07568030983320688,0
1035,5,0,0.13232140888653376,0
1036,4,0,0.10111394605706149,0
1037,3,0,0.05032732063912009,0
1038,1,1,0.7247607814778448,1
1039,2,1,0.5481336133243586,1
1040,4,0,0.03810640769949062,0
1041,2,1,0.2917898992003538,0
1042,2,0,0.21177213467216863,0
1043,4,0,0.07245655056927128,0
1044,2,0,0.01989960049201042,0
1045,3,0,0.04409099462884469,0
1046,3,1,0.8382401604213693,1
1047,5,1,0.6283619512017493,1
1048,5,1,0.6453884534841297,1
1049,4,0,0.07750777743360826,0
1050,3,0,0.01981225709130114,0
1051,4,1,0.5646406366636827,1
1052,5,0,0.20473674073561954,0
1053,2,0,0.013976382395314277,0
1054,5,0,0.6515882665940295,1
1055,3,0,0.07383038359803334,0
1056,3,0,0.16725568558512569,0
1057,1,0,0.16410804712870325,0
1058,2,0,0.47505271520643133,0
1059,4,1,0.7289858272591261,1
1060,3,0,0.7149904007140205,1
1061,2,0,0.30623554705088757,0
1062,5,0,0.0741749489229257,0
1063,5,0,0.08435148794240398,0
1064,5,1,0.2728911413003097,0
1065,5,0,0.020179537749356595,0
1066,4,0,0.10635666918799976,0
1067,3,0,0.042021819530726014,0
1068,4,0,0.0603960341918763,0
1069,4,0,0.22781952094507174,0
1070,4,0,0.709956184748312,1
1071,4,0,0.6310143452739767,1
1072,1,0,0.03750983079650052,0
1073,3,0,0.03606900110168357,0
1074,5,0,0.02468741611555178,0
1075,3,0,0.39065205268414743,0
1076,5,1,0.579718576560675,1
1077,4,0,0.03158766510387813,0
1078,2,0,0.08069952639656827,0
1079,5,0,0.2841423123956505,0
1080,5,1,0.3963071761009852,0
1081,2,0,0.3211981481336134,0
1082,3,0,0.09357848772027887,0
1083,2,1,0.746569846676847,1
1084,5,0,0.45963354371492876,0
1085,1,0,0.6479171324012019,1
1086,1,0,0.05914425190352492,0
1087,4,0,0.27591995127041485,0
1088,5,0,0.3882141900056937,0
1089,5,1,0.6688016244526781,1
1090,1,0,0.09924819977031434,0
1091,3,0,0.504240092363572,1
1092,5,0,0.10290578437360183,0
1093,2,1,0.12319015469880157,0
1094,4,0,0.03633650446397392,0
1095,4,0,0.17677534170557246,0
1096,4,1,0.42099971264666075,0
1097,1,1,0.8240456975967441,1
1098,3,0,0.7326305342868636,1
1099,3,1,0.688641475054851,1
1100,4,0,0.02326906705080819,0
1101,3,0,0.2465923361064962,0
1102,5,1,0.5567457668490797,1
1103,1,0,0.10250089180836808,0
1104,2,0,0.0266446743012745,0
1105,5,0,0.06830069098216231,0
1106,2,0,0.05067747861716341,0
1107,3,0,0.04558531978595044,0
1108,5,0,0.08089632456030162,0
1109,2,0,0.7681145123176228,1
1110,3,0,0.08573705716980096,0
1111,3,0,0.03442437942290407,0
1112,3,0,0.06752037223240795,0
1113,3,0,0.1792011640902146,0
1114,5,0,0.198366207888132,0
1115,5,0,0.4655094643060094,0
1116,1,0,0.01961507187351273,0
1117,1,0,0.02061255863985128,0
1118,5,0,0.20327684580634453,0
1119,1,0,0.01592860777653574,0
1120,4,1,0.5932550731779147,1
1121,5,0,0.04863678218992633,0
1122,1,0,0.0730304398871438,0
1123,3,1,0.24192906535416392,0
1124,4,0,0.0367945292985603,0
1125,2,0,0.0933355720522437,0
1126,3,0,0.0508546095893539,0
1127,3,0,0.27340029378002967,0
1128,2,0,0.09483138732331531,0
1129,1,0,0.38794727807866214,0
1130,1,1,0.7059064606008616,1
1131,5,0,0.11863123570419483,0
1132,3,0,0.04286869918745574,0
1133,5,0,0.12964711034442203,0
1134,1,0,0.09274164851856237,0
1135,1,1,0.6857641523659741,1
1136,5,1,0.4553586210448812,0
1137,2,0,0.09810465352150288,0
1138,5,1,0.05200345924608855,0
1139,4,0,0.5322062979977663,1
1140,1,0,0.1169566918060761,0
1141,3,0,0.054725607075933866,0
1142,1,0,0.09517009948870063,0
1143,4,1,0.4043799106220846,0
1144,3,1,0.19067476808158793,0
1145,5,0,0.35339902778296683,0
1146,3,0,0.13804123945536442,0
1147,5,0,0.12799444131609,0
1148,3,1,0.815914105380798,1
1149,5,0,0.11226525729889328,0
1150,1,0,0.09640649099112185,0
1151,1,0,0.023700060918942834,0
1152,2,0,0.1123391688734052,0
1153,4,0,0.23365847840139933,0
1154,3,0,0.5268586543227687,1
1155,3,1,0.1164617870560846,0
1156,5,0,0.019475472168546358,0
1157,2,0,0.08660636406625959,0
1158,5,0,0.4208359587800293,0
1159,4,0,0.38407590917356954,0
1160,4,0,0.09451098940113939,0
1161,1,0,0.05831966538092027,0
1162,3,0,0.06350753583617585,0
1163,2,0,0.028025810121989517,0
1164,1,0,0.2928505185691706,0
1165,1,1,0.3744954022038177,0
1166,5,1,0.30685731474826966,0
1167,1,0,0.006723510282091425,0
1168,4,1,0.3886310832558155,0
1169,3,1,0.625557104359741,1
1170,3,0,0.10399267480499572,0
1171,3,0,0.017113290124067267,0
1172,2,0,0.026056211023674416,0
1173,1,1,0.40154763513960956,0
1174,3,0,0.12812163723767123,0
1175,3,0,0.6945399859470395,1
1176,3,1,0.04415442710448209,0
1177,2,1,0.09501742705060091,0
1178,2,0,0.3123233795986685,0
1179,2,1,0.7294143595403841,1
1180,2,0,0.12376591670907994,0
1181,1,0,0.19295476435096548,0
1182,5,0,0.07712485756167729,0
1183,5,0,0.2525029568655259,0
1184,3,0,0.037922073577502546,0
1185,1,0,0.08703298135869277,0
1186,5,1,0.5015866128781714,1
1187,4,1,0.746646759378568,1
1188,5,0,0.05017718290509199,0
1189,4,0,0.1554170046129703,0
1190,4,0,0.1292443343841857,0
1191,4,1,0.7499724026506384,1
1192,4,0,0.2100542582489275,0
1193,5,0,0.05088986754372109,0
1194,5,0,0.0582534639886248,0
1195,5,1,0.6089837747327327,1
1196,4,0,0.6502252424500108,1
1197,2,0,0.04831348363303878,0
1198,3,1,0.333045964074116,0
1199,1,0,0.12083931235202543,0
1200,4,0,0.03502240780742179,0
1201,2,0,0.24279261902576324,0
1202,1,0,0.39553481438496413,0
1203,4,0,0.11977926348138529,0
1204,4,0,0.034415581683401524,0
1205,4,0,0.8056380829665991,1
1206,4,0,0.04496407959605936,0
1207,4,0,0.07938574458430847,0
1208,1,0,0.06808430662181235,0
1209,2,0,0.09090085223587874,0
1210,2,0,0.11874154411922626,0
1211,2,1,0.4426053298389338,0
1212,5,0,0.18739663251406966,0
1213,5,1,0.5106753482715702,1
1214,3,1,0.20638013627983784,0
1215,5,1,0.6617956354359623,1
1216,4,0,0.2671086679515423,0
1217,5,0,0.0731706630988575,0
1218,3,0,0.03778306256091094,0
1219,1,1,0.30497773170456816,0
1220,1,1,0.661392549755555,1
1221,3,0,0.13776612224431498,0
1222,5,0,0.3769423474570182,0
1223,5,0,0.06053023044844065,0
1224,5,1,0.6439388783002188,1
1225,1,0,0.15732042812085856,0
1226,3,1,0.09620291952127301,0
1227,5,0,0.11248675465497329,0
1228,5,0,0.11378431228690954,0
1229,3,0,0.033371902210161106,0
1230,3,0,0.5290897113251009,1
1231,4,0,0.062063043303475354,0
1232,4,1,0.4461297055918087,0
1233,1,1,0.42190427431700833,0
1234,5,0,0.6408093011339081,1
1235,5,0,0.041574631921842575,0
1236,2,0,0.20025128880609314,0
1237,2,0,0.20267863292937713,0
1238,1,1,0.35940098755642186,0
1239,2,1,0.7644271910667398,1
1240,4,0,0.1551424188603518,0
1241,5,0,0.5959450066182773,1
1242,4,0,0.12916498767345966,0
1243,3,0,0.012377521429897302,0
1244,1,0,0.2846495055021489,0
1245,4,1,0.6696516481661525,1
1246,1,0,0.23733470875417287,0
1247,1,0,0.06762217774087932,0
1248,4,1,0.5539147435393726,1
1249,4,0,0.0631246594136954,0
1250,3,1,0.23923542162329045,0
1251,2,1,0.3547486896682386,0
1252,3,0,0.01035713423863987,0
1253,1,0,0.1350621195960657,0
1254,5,0,0.14769621914601067,0
1255,2,0,0.022192374571798547,0
1256,1,1,0.10495846517321034,0
1257,3,0,0.02951276606873325,0
1258,3,0,0.12571488426808394,0
1259,4,0,0.7828019109622736,1
1260,2,0,0.17201566669264162,0
1261,5,0,0.04252325151674934,0
1262,3,1,0.4539166559145938,0
1263,1,0,0.020905882778481943,0
1264,4,0,0.4303573249522615,0
1265,2,0,0.3774841233408113,0
1266,2,1,0.3311181486639438,0
1267,2,0,0.5699497899151859,1
1268,1,0,0.029104192315112624,0
1269,2,0,0.22834177139313985,0
1270,2,0,0.6659281597684281,1
1271,5,0,0.2565815284346328,0
1272,2,0,0.09520466728470464,0
1273,3,1,0.5590862542794836,1
1274,5,0,0.2710396441157219,0
1275,1,1,0.210068658119616,0
1276,2,0,0.021939304255566006,0
1277,1,0,0.022301146391226292,0
1278,5,0,0.027543425822124035,0
1279,2,0,0.6210664394720675,1
1280,1,0,0.15816917659022708,0
1281,3,1,0.5721975449374602,1
1282,1,0,0.012578255818022422,0
1283,5,0,0.11105070458650132,0
1284,3,0,0.011804394141889373,0
1285,1,0,0.13508543664416223,0
1286,1,0,0.18569013449320598,0
1287,3,0,0.29530261017108844,0
1288,1,0,0.015780068339365284,0
1289,4,0,0.1812918821278637,0
1290,2,0,0.16554184744570094,0
1291,1,0,0.5379237184939227,1
1292,5,0,0.16344937713379826,0
1293,1,0,0.011263591162199197,0
1294,5,0,0.2496194478249473,0
1295,4,0,0.050822966655030916,0
1296,4,0,0.0819204392069117,0
1297,4,0,0.6175404845572589,1
1298,2,0,0.11808274762447807,0
1299,5,0,0.022290418639113182,0
1300,1,1,0.5404878845534578,1
1301,5,0,0.07311249726044332,0
1302,5,0,0.01572297156319848,0
1303,1,1,0.8307291352846401,1
1304,4,0,0.042859052658492845,0
1305,1,1,0.3641661198271417,0
1306,3,0,0.049507984440271685,0
1307,4,1,0.7031308308767106,1
1308,1,1,0.07055321653278566,0
1309,2,0,0.018783410224957595,0
1310,2,0,0.04221013152190533,0
1311,4,0,0.014558822957286994,0
1312,2,0,0.12569598846437538,0
1313,1,0,0.06339052965840422,0
1314,4,1,0.6799555958922469,1
1315,3,0,0.05103311194525451,0
1316,4,1,0.7438144564235223,1
1317,3,0,0.25172404722954744,0
1318,1,0,0.054487178286966684,0
1319,4,0,0.3408994857900653,0
1320,2,0,0.21626298445796213,0
1321,5,0,0.1349356794343685,0
1322,3,0,0.5528598718551411,1
1323,1,0,0.0342470004396922,0
1324,3,0,0.2988271975481517,0
1325,5,1,0.6356830504736669,1
1326,5,0,0.015364145522208631,0
1327,5,0,0.09419629498274126,0
1328,2,1,0.49803936813061045,0
1329,2,1,0.7036398012830034,1
1330,3,1,0.15033841920117977,0
1331,3,0,0.14608459654654493,0
1332,3,0,0.013365434583403004,0
1333,1,0,0.012821286794198578,0
1334,2,0,0.5171297837190307,1
1335,3,1,0.3996924426751354,0
1336,2,0,0.5703871647639601,1
1337,5,0,0.264348245552868,0
1338,4,1,0.5786505621541786,1
1339,3,0,0.05634153664421061,0
1340,4,0,0.07140024440543792,0
1341,4,0,0.048288484000877756,0
1342,4,1,0.5791666644014871,1
1343,2,0,0.07839878826864005,0
1344,2,1,0.6222394970352312,1
1345,1,0,0.07045886499258291,0
1346,5,0,0.2894746650320881,0
1347,2,0,0.17126468032151645,0
1348,4,1,0.6378998769221895,1
1349,4,0,0.036130676293577656,0
1350,2,0,0.017133323891982435,0
1351,4,0,0.11872812909003164,0
1352,3,0,0.0432406940802169,0
1353,4,0,0.09080048968082163,0
1354,5,0,0.012787388964397826,0
1355,4,0,0.15122215032329203,0
1356,5,0,0.12242146320396093,0
1357,2,0,0.018915748227415107,0
1358,4,0,0.4515017933595622,0
1359,2,1,0.5818312345177248,1
1360,1,0,0.022757929202800658,0
1361,3,0,0.33040033159914634,0
1362,3,0,0.05422800921822697,0
1363,3,0,0.014574371509239823,0
1364,5,0,0.1709297990240946,0
1365,2,0,0.4978992443219041,0
1366,5,1,0.5366154871192561,1
1367,1,0,0.07014633066363903,0
1368,1,0,0.31113641528097485,0
1369,2,0,0.2307202626362608,0
1370,3,0,0.023305987761406344,0
1371,4,1,0.6404441075539065,1
1372,2,0,0.11533362085610488,0
1373,4,0,0.06338391943569055,0
1374,2,0,0.036966160625184215,0
1375,3,0,0.28942273605085433,0
1376,4,0,0.11533711659625352,0
1377,2,0,0.04356879827147778,0
1378,5,0,0.7096504883081676,1
1379,2,0,0.020005984128550956,0
1380,1,0,0.13713571790753643,0
1381,2,0,0.07904292577917234,0
1382,1,1,0.2312180216948718,0
1383,3,0,0.14709366607554852,0
1384,5,0,0.0968554049534168,0
1385,4,0,0.10240996382478372,0
1386,2,1,0.06437668167863818,0
1387,3,0,0.5992464471725125,1
1388,2,1,0.7725844837740351,1
1389,2,0,0.16463918762662372,0
1390,2,0,0.03302245830787893,0
1391,3,1,0.4585657915633137,0
1392,3,0,0.02921079969244355,0
1393,4,0,0.24244624576291376,0
1394,5,0,0.06415818654342244,0
1395,1,1,0.3021804638844664,0
1396,1,0,0.017999799070840147,0
1397,5,0,0.41904498064007234,0
1398,5,1,0.08785357404437616,0
1399,1,0,0.12536476163305207,0
1400,2,0,0.7967585906135601,1
1401,2,0,0.060922774529218904,0
1402,3,0,0.6821817784669322,1
1403,3,0,0.5505217602747832,1
1404,4,0,0.21724646840589473,0
1405,1,0,0.512852079129859,1
1406,2,0,0.3173660799057062,0
1407,5,0,0.020394247497891222,0
1408,3,1,0.46194482852097607,0
1409,3,0,0.05508948047549858,0
1410,3,0,0.026829905453770564,0
1411,3,0,0.03080311877066367,0
1412,4,0,0.05538034829479415,0
1413,3,0,0.029315582724915232,0
1414,2,1,0.6939723276720348,1
1415,5,0,0.2131332067751691,0
1416,2,1,0.42859907263872926,0
1417,4,1,0.05450995326282836,0
1418,2,1,0.12458382779563026,0
1419,1,0,0.7593043113982356,1
1420,5,0,0.01571842268799674,0
1421,4,0,0.42053351357816865,0
1422,5,1,0.6322839728157752,1
1423,5,0,0.5228547075817059,1
1424,2,1,0.815870173489358,1
1425,1,0,0.05178701059944574,0
1426,5,0,0.1866092400068826,0
1427,4,0,0.18484943813731086,0
1428,2,0,0.2531413985515239,0
1429,1,0,0.10748794227266392,0
1430,2,0,0.06950749010316175,0
1431,2,0,0.05065141681085806,0
1432,1,0,0.23212504367266057,0
1433,4,0,0.04496860127847763,0
1434,1,0,0.6251061387815937,1
1435,3,0,0.05926248610649081,0
1436,2,0,0.05060000903382732,0
1437,1,0,0.027676249108718506,0
1438,4,1,0.3293841598306983,0
1439,4,0,0.36086123629381256,0
1440,1,0,0.12111433026965347,0
1441,2,0,0.0753135729651906,0
1442,4,0,0.7697620621284396,1
1443,2,0,0.04743320815969772,0
1444,4,0,0.49436437448718445,0
1445,3,0,0.6403261524083601,1
1446,2,0,0.028352303501134844,0
1447,4,0,0.05030627152726843,0
1448,3,0,0.04435612202954763,0
1449,4,0,0.11652290398351278,0
1450,4,0,0.036985265993413355,0
1451,4,0,0.02156679281888124,0
1452,4,1,0.2614585979485089,0
1453,3,0,0.11390197215068813,0
1454,2,0,0.0363748031453147,0
1455,4,1,0.802725318754314,1
1456,1,1,0.7715410993326443,1
1457,4,1,0.7553637354372728,1
1458,1,0,0.006889030019801528,0
1459,1,1,0.5838507748760623,1
1460,1,0,0.3399254857384274,0
1461,4,0,0.30184369764273594,0
1462,5,0,0.06622452732257317,0
1463,3,0,0.6491142165340826,1
1464,2,1,0.26028180863445505,0
1465,3,1,0.671356935800544,1
1466,3,0,0.04000813738350198,0
1467,4,0,0.18846022468685836,0
1468,5,0,0.13959558355031934,0
1469,4,0,0.2343509361783232,0
1470,2,1,0.18932659780564143,0
1471,1,0,0.011338947540196492,0
1472,4,1,0.6722680536814442,1
1473,5,0,0.3001572001501523,0
1474,4,1,0.5249009312861156,1
1475,4,0,0.17729145730725163,0
1476,2,0,0.35387469831544716,0
1477,3,1,0.41223175782117166,0
1478,5,0,0.33824375035205,0
1479,1,0,0.18120725477438104,0
1480,5,0,0.019787262601713693,0
1481,4,0,0.027738198507344516,0
1482,4,1,0.7118169985078975,1
1483,2,1,0.1636652149666562,0
1484,4,0,0.25954880655701046,0
1485,3,0,0.07471416736738143,0
1486,1,0,0.2365723668166317,0
1487,4,0,0.03345048941360895,0
1488,3,1,0.45765799801515816,0
1489,1,0,0.19989485546543226,0
1490,4,0,0.3793989203568755,0
1491,5,0,0.0075595535274236465,0
1492,3,0,0.27022641931993496,0
1493,4,0,0.08858725653174782,0
1494,5,0,0.7411258792677464,1
1495,3,1,0.3016819344312138,0
1496,4,0,0.4181187934312006,0
1497,4,0,0.026054436455075783,0
1498,2,0,0.09877686268286681,0
1499,2,0,0.05296682926017132,0
1500,2,1,0.4150920807737909,0
1501,3,1,0.651726157041965,1
1502,1,0,0.39715045242085023,0
1503,5,0,0.5213144067726148,1
1504,2,0,0.08638392438897115,0
1505,4,0,0.06947912884601891,0
1506,1,0,0.02981275765192841,0
1507,5,0,0.039406784549930705,0
1508,5,0,0.40026972725845544,0
1509,4,0,0.24332542342048702,0
1510,1,0,0.18769973056580347,0
1511,1,0,0.06121475726873655,0
1512,5,1,0.7590149711030191,1
1513,1,0,0.013099764904738971,0
1514,3,0,0.1947840933168977,0
1515,5,0,0.15054660894310545,0
1516,4,0,0.0469985191601911,0
1517,4,0,0.05975280888967089,0
1518,4,0,0.09374009910350102,0
1519,4,1,0.5467525408246623,1
1520,3,0,0.06331089468412394,0
1521,5,0,0.04331684316253972,0
1522,5,1,0.5590509953392152,1
1523,1,1,0.054333040459263654,0
1524,2,0,0.015875241629293418,0
1525,2,0,0.1270536743583003,0
1526,3,0,0.15082956924168675,0
1527,2,0,0.0701303482654411,0
1528,5,1,0.02074319037236383,0
1529,3,0,0.19945593316276897,0
1530,4,0,0.09933379785084753,0
1531,5,0,0.2378916380182726,0
1532,4,1,0.5758596392582735,1
1533,2,0,0.06148090160410066,0
1534,1,0,0.15875228055491222,0
1535,1,0,0.0316260088284281,0
1536,1,0,0.04701094093657021,0
1537,2,0,0.2473824898768188,0
1538,5,0,0.03143644575963882,0
1539,4,0,0.49761277109292956,0
1540,1,0,0.12976802918996644,0
1541,3,0,0.3765559751560476,0
1542,1,0,0.07377159542591566,0
1543,2,0,0.301557877743974,0
1544,3,0,0.18466285073188338,0
1545,5,0,0.020030561039787426,0
1546,4,1,0.15422118969168983,0
1547,3,0,0.089688578819928,0
1548,3,0,0.05213498858205725,0
1549,5,0,0.36394201581680835,0
1550,2,1,0.40727350381427607,0
1551,5,1,0.5837615907133905,1
1552,2,0,0.149226109904587,0
1553,3,1,0.12571188033503614,0
1554,4,0,0.012357257192006902,0
1555,3,1,0.6040509964495532,1
1556,5,0,0.11652538791119083,0
1557,3,0,0.03851510273882936,0
1558,3,1,0.7840397195191866,1
1559,1,0,0.01881356891650634,0
1560,3,1,0.5019569063079299,1
1561,4,0,0.15237370674457507,0
1562,5,1,0.36370798041554986,0
1563,1,0,0.4806061952700849,0
1564,5,0,0.13545317614532795,0
1565,3,0,0.009765791375382296,0
1566,5,0,0.04135627990705848,0
1567,2,0,0.08006770175604015,0
1568,2,0,0.28685981572996144,0
1569,4,0,0.04691254420818666,0
1570,4,0,0.20154566145007494,0
1571,1,1,0.6579921325198105,1
1572,1,0,0.5217979392769521,1
1573,4,1,0.148478592420042,0
1574,5,0,0.3242734574799233,0
1575,1,0,0.046721104847365406,0
1576,1,1,0.28152581923372916,0
1577,1,0,0.01921657889183695,0
1578,5,0,0.15195652515887842,0
1579,2,0,0.033874402963145145,0
1580,5,0,0.03491381915597282,0
1581,4,0,0.2071695571628096,0
1582,5,0,0.4811197996360028,0
1583,3,0,0.19193048595980475,0
1584,1,0,0.047280520520345364,0
1585,2,0,0.44199669528696267,0
1586,5,0,0.22786656303484595,0
1587,5,0,0.043812685161567694,0
1588,2,0,0.5563488306140878,1
1589,1,0,0.11706481730609852,0
1590,4,0,0.037093641580832906,0
1591,2,0,0.20924485169469037,0
1592,5,1,0.4353459829190391,0
1593,2,1,0.1327979960233754,0
1594,1,1,0.4155428877265135,0
1595,1,0,0.016590599867910463,0
1596,5,1,0.23267353074222694,0
1597,3,0,0.032812873939263104,0
1598,1,0,0.7242219690588237,1
1599,3,0,0.013574425664515883,0
1600,1,1,0.628268287999834,1
1601,3,0,0.12739380461748886,0
1602,5,0,0.038101006477120884,0
1603,5,0,0.11943151330318469,0
1604,2,0,0.10903127921799617,0
1605,2,1,0.4264592693934117,0
1606,3,0,0.13992330781667786,0
1607,1,0,0.23009543651968875,0
1608,4,1,0.5426408435635574,1
1609,2,0,0.03202828214821398,0
1610,2,0,0.09414827753435524,0
1611,5,0,0.03290165244822515,0
1612,5,0,0.15699849612755673,0
1613,1,0,0.09365375581642657,0
1614,3,0,0.3230125563966057,0
1615,4,1,0.8819039658229686,1
1616,5,0,0.17547186065160714,0
1617,4,1,0.7097335754647444,1
1618,4,0,0.02181703777236256,0
1619,4,1,0.7133546026215513,1
1620,3,0,0.6390330722496036,1
1621,1,0,0.21244299009524026,0
1622,1,0,0.13185964227824912,0
1623,3,0,0.011102549889748332,0
1624,3,0,0.22644349300019936,0
1625,3,0,0.3868034030036753,0
1626,2,0,0.06113192487754456,0
1627,5,1,0.7356570961602119,1
1628,2,0,0.12212462758131372,0
1629,4,1,0.277673221374933,0
1630,1,0,0.013232415889681125,0
1631,2,0,0.2127941513645613,0
1632,2,0,0.08839509508064611,0
1633,5,0,0.02256471453279316,0
1634,1,0,0.041328649900472435,0
1635,5,1,0.10266844900840488,0
1636,3,0,0.30703713439865066,0
1637,2,1,0.5506923578592166,1
1638,3,0,0.067268003890499,0
1639,2,1,0.8520032745718581,1
1640,2,0,0.5532484381031909,1
1641,3,0,0.04062665799201264,0
1642,3,0,0.09698418689266192,0
1643,1,1,0.309073744422724,0
1644,5,0,0.24044183292334714,0
1645,2,0,0.01450402416100566,0
1646,3,1,0.6804784006707653,1
1647,2,0,0.03335858618025245,0
1648,2,0,0.07045127170548224,0
1649,4,0,0.058984988387880494,0
1650,4,0,0.17298391153375994,0
1651,2,0,0.16826324133829082,0
1652,4,0,0.1493408731402648,0
1653,5,0,0.037004871129446504,0
1654,2,0,0.02241573882728028,0
1655,5,0,0.20088764097238213,0
1656,5,0,0.021633899794031058,0
1657,4,0,0.35358585865062364,0
1658,5,0,0.29688815447727157,0
1659,4,0,0.02557240397522373,0
1660,5,0,0.3141172739407172,0
1661,1,1,0.5693856091892369,1
1662,3,0,0.0318142699724842,0
1663,4,0,0.10805740202256955,0
1664,5,0,0.01632627748804295,0
1665,5,0,0.06734503576763812,0
1666,4,0,0.024822194235480242,0
1667,2,1,0.36441755030717654,0
1668,4,0,0.06812222646491946,0
1669,4,0,0.059906571705042926,0
1670,1,1,0.7683441887386708,1
1671,3,0,0.16441843408753665,0
1672,2,0,0.026955896830090673,0
1673,4,0,0.6318411242031998,1
1674,2,0,0.06355314978240217,0
1675,4,0,0.5398723575932197,1
1676,3,0,0.02238946233711933,0
1677,3,0,0.07658589155737368,0
1678,2,0,0.10120772014854554,0
1679,2,0,0.03615203477272442,0
1680,2,0,0.020670294875993367,0
1681,4,1,0.29354447128450123,0
1682,2,0,0.19480585253914662,0
1683,4,0,0.04222664338296623,0
1684,4,0,0.8315908591579764,1
1685,2,0,0.590590810306014,1
1686,5,1,0.7452486861514511,1
1687,2,0,0.06344439245256536,0
1688,5,0,0.013864867911872907,0
1689,1,0,0.12971145509316565,0
1690,3,0,0.059191403441473237,0
1691,1,0,0.04746276847368116,0
1692,2,0,0.08204433586137998,0
1693,3,0,0.5782415746140467,1
1694,4,0,0.3165516480881394,0
1695,5,0,0.07028357276617335,0
1696,2,0,0.11989440103780064,0
1697,1,0,0.3563348925162337,0
1698,3,0,0.013311507962736306,0
1699,4,0,0.3041842812481051,0
1700,2,0,0.1497307051439147,0
1701,5,0,0.5156708629403878,1
1702,5,0,0.01201648073774843,0
1703,5,0,0.04119861595614325,0
1704,5,0,0.4131560899403405,0
1705,4,0,0.04518478906700736,0
1706,1,0,0.08472626040370673,0
1707,5,0,0.0465844847203038,0
1708,3,0,0.1506266686469939,0
1709,4,0,0.05090439565824618,0
1710,2,0,0.08360985238782534,0
1711,2,0,0.07744247173623202,0
1712,3,1,0.4824978654318816,0
1713,4,1,0.5975391039229931,1
1714,1,0,0.014197645005704586,0
1715,3,0,0.20423053122727983,0
1716,3,1,0.6490515458876418,1
1717,3,0,0.41574750546453443,0
1718,4,0,0.6796047186369824,1
1719,4,0,0.10851174081814798,0
1720,5,0,0.047539531918488684,0
1721,2,0,0.4372200434514856,0
1722,5,0,0.43224377170253625,0
1723,2,1,0.8190442121859024,1
1724,3,1,0.7903683346147716,1
1725,1,0,0.017224961730354815,0
1726,3,0,0.47252360338509825,0
1727,1,0,0.19198295609198326,0
1728,5,1,0.21109971426145596,0
1729,2,0,0.09543330513648977,0
1730,5,0,0.068464024082243,0
1731,4,0,0.17303530080633847,0
1732,1,1,0.16310620892572078,0
1733,1,0,0.242539818144122,0
1734,3,0,0.0932993722780273,0
1735,2,0,0.11641691895749998,0
1736,3,0,0.06686238724536482,0
1737,2,1,0.0827380697841364,0
1738,5,1,0.5038434818587355,1
1739,3,0,0.085435952271426,0
1740,5,0,0.2578021756973494,0
1741,5,0,0.04929926604343606,0
1742,5,1,0.5950872444816336,1
1743,2,0,0.4883325608225913,0
1744,1,0,0.3163626167737582,0
1745,4,0,0.6730142773383683,1
1746,1,0,0.12756889589814582,0
1747,1,0,0.37614807211887336,0
1748,1,0,0.026737384457027866,0
1749,1,0,0.1645684585542571,0
1750,1,1,0.6767106436903289,1
1751,2,0,0.025610964212176866,0
1752,2,0,0.03694263691425564,0
1753,5,0,0.1164794374160025,0
1754,4,0,0.1748897752571305,0
1755,1,0,0.19258898935441213,0
1756,5,0,0.05019784539455287,0
1757,5,1,0.7212593012618017,1
1758,4,1,0.7765687714593821,1
1759,2,0,0.4939689732409105,0
1760,4,0,0.5185181426505999,1
1761,1,0,0.009682272287656163,0
1762,2,0,0.7962547680806844,1
1763,4,0,0.09313930326352783,0
1764,1,0,0.2133701425634357,0
1765,4,0,0.1190136408608289,0
1766,3,0,0.021902990129574872,0
1767,3,0,0.08354585902877695,0
1768,5,1,0.35194147038437656,0
1769,5,0,0.049129455320681935,0
1770,3,0,0.06910994686247669,0
1771,4,0,0.029505575160224666,0
1772,5,0,0.09032421762158406,0
1773,5,0,0.3570303970153953,0
1774,1,0,0.32189686680328555,0
1775,1,0,0.1018992213995311,0
1776,2,0,0.025776356945608904,0
1777,2,1,0.21477643126317897,0
1778,1,1,0.27216977668384484,0
1779,2,1,0.3570728084246311,0
1780,1,1,0.4748266597734072,0
1781,4,1,0.6896262313515501,1
1782,3,0,0.37952607942197825,0
1783,2,1,0.26072607538841447,0
1784,3,1,0.1951027600721146,0
1785,4,1,0.44976307316500075,0
1786,2,0,0.02700647391712089,0
1787,4,0,0.4655227663990992,0
1788,4,0,0.08617688327198414,0
1789,2,1,0.021966322211257956,0
1790,2,0,0.5567397311654166,1
1791,4,1,0.3807492744747856,0
1792,3,1,0.4305272988592281,0
1793,3,1,0.7705930534327611,1
1794,5,0,0.023103150335228546,0
1795,1,0,0.23543527056311161,0
1796,3,0,0.008820384669582754,0
1797,2,0,0.02570041135163279,0
1798,3,0,0.061128165661691644,0
1799,1,0,0.22334771772212605,0
1800,1,0,0.028655348020207555,0
1801,5,1,0.7314406857583191,1
1802,2,1,0.4214123128764116,0
1803,3,0,0.03149575461575538,0
1804,1,0,0.03280912534394582,0
1805,2,0,0.07760258741329955,0
1806,1,0,0.3621058930879797,0
1807,1,0,0.0435170719637146,0
1808,5,1,0.45258747395017773,0
1809,3,0,0.22059575311201401,0
1810,4,1,0.10947774992317603,0
1811,3,0,0.14289510194827823,0
1812,3,0,0.4931553338853181,0
1813,5,1,0.09099913476474292,0
1814,4,1,0.5671868892450522,1
1815,5,0,0.18056825130420381,0
1816,5,0,0.1328902408032234,0
1817,2,0,0.25729364579776226,0
1818,1,0,0.16388786484325274,0
1819,5,0,0.13588794531829396,0
1820,3,0,0.10056676287693138,0
1821,2,0,0.6477853352627783,1
1822,4,0,0.016296743030912896,0
1823,4,0,0.20864610144089213,0
1824,5,0,0.026968839397509728,0
1825,5,0,0.033031328219116744,0
1826,5,0,0.06864676844925033,0
1827,2,1,0.6591865872905526,1
1828,5,0,0.027147652819029488,0
1829,3,0,0.2885000487954762,0
1830,2,0,0.12226052046304298,0
1831,4,1,0.6944435731101085,1
1832,5,0,0.08351437714928259,0
1833,2,0,0.4580278330830745,0
1834,2,0,0.11609599939532801,0
1835,5,0,0.4201521380405854,0
1836,4,1,0.7819441838815261,1
1837,4,1,0.19645800050387024,0
1838,5,0,0.018281173245707768,0
1839,2,0,0.04327382853522549,0
1840,5,1,0.19602877411007666,0
1841,3,0,0.5129127049261819,1
1842,5,1,0.6620823928041323,1
1843,3,0,0.17698614488883485,0
1844,1,0,0.14077462660835355,0
1845,4,1,0.25989871209870785,0
1846,2,0,0.6739863020383052,1
1847,5,0,0.12477690358355017,0
1848,1,0,0.013752480219249625,0
1849,3,1,0.45439703198925097,0
1850,1,1,0.09809639785722918,0
1851,2,0,0.03556033342284553,0
1852,3,1,0.3304808525262521,0
1853,3,0,0.015423066518274974,0
1854,2,1,0.35441231505240767,0
1855,1,0,0.20247423154680652,0
1856,5,1,0.7449818411208428,1
1857,4,1,0.15346019477880857,0
1858,1,0,0.037413344808212866,0
1859,1,1,0.5012069288251321,1
1860,3,0,0.016063877551498348,0
1861,2,0,0.08199965835039118,0
1862,4,0,0.06015458713677856,0
1863,2,1,0.7539170887538207,1
1864,4,0,0.01150615783167786,0
1865,2,0,0.13118163692716092,0
1866,3,0,0.4923318118965806,0
1867,1,0,0.18630625876936438,0
1868,3,0,0.0507311256899015,0
1869,1,0,0.08553365510006697,0
1870,1,0,0.03562849777710716,0
1871,1,1,0.4669923138280454,0
1872,3,0,0.10564337314513413,0
1873,4,0,0.0716834302604966,0
1874,4,0,0.0815337154039354,0
1875,4,0,0.1437556305970802,0
1876,3,1,0.3893020581940643,0
1877,1,0,0.33514257781829815,0
1878,3,0,0.04542412710867865,0
1879,3,0,0.010244560791772054,0
1880,4,0,0.20529904388218367,0
1881,3,0,0.16409094299704016,0
1882,1,1,0.1347198882186023,0
1883,1,0,0.4741356265858212,0
1884,3,0,0.1256779765860754,0
1885,5,0,0.16863554692753444,0
1886,5,0,0.19621302304831784,0
1887,5,0,0.3291565397615686,0
1888,1,0,0.26236321961751424,0
1889,4,1,0.8004984648633945,1
1890,3,1,0.1121475701463479,0
1891,3,0,0.09938855547078056,0
1892,5,0,0.019495258384216153,0
1893,1,0,0.24651179040692678,0
1894,5,0,0.013444813025482543,0
1895,3,1,0.09723590503290924,0
1896,4,1,0.10243429717482971,0
1897,2,0,0.1503246103162203,0
1898,2,0,0.03629457651187991,0
1899,2,1,0.7737217422465097,1
1900,2,0,0.09877655033740944,0
1901,1,0,0.07393540912276468,0
1902,1,1,0.38147009005541843,0
1903,3,0,0.0556122888668181,0
1904,4,1,0.659498723683485,1
1905,1,0,0.09060238154439675,0
1906,3,0,0.38587035577413953,0
1907,3,0,0.10033750333714476,0
1908,3,0,0.279119035599877,0
1909,2,0,0.16346693876841636,0
1910,4,1,0.17757754652502497,0
1911,3,0,0.01500215485557402,0
1912,1,1,0.3352409858730496,0
1913,1,0,0.17689925777838308,0
1914,5,0,0.05302200725719157,0
1915,5,0,0.012572636183514601,0
1916,3,0,0.1994845458260257,0
1917,3,0,0.02591389399424964,0
1918,2,0,0.6874496746291049,1
1919,5,0,0.06957474648284408,0
1920,1,0,0.04790574769872914,0
1921,2,0,0.21121724400845238,0
1922,4,1,0.6244047352819222,1
1923,4,0,0.18447766551900716,0
1924,3,1,0.6810792539084427,1
1925,4,1,0.3928014639001384,0
1926,5,0,0.36504627755396307,0
1927,4,0,0.37525600907949924,0
1928,1,0,0.012615588428577518,0
1929,2,0,0.01783239223146858,0
1930,5,1,0.5300099048694172,1
1931,1,1,0.4568918905132017,0
1932,2,0,0.11729443252151216,0
1933,3,0,0.2710940483927888,0
1934,1,0,0.023010250573557763,0
1935,2,0,0.0198768129808212,0
1936,2,1,0.7251125431501848,1
1937,1,0,0.011168494832447681,0
1938,3,0,0.1465794135587659,0
1939,1,0,0.484185639279108,0
1940,4,0,0.01901733477717615,0
1941,3,1,0.23996401063796258,0
1942,3,0,0.23101066701822906,0
1943,4,0,0.02777795825519364,0
1944,1,0,0.11179991727805413,0
1945,3,0,0.2494512633983679,0
1946,2,0,0.07456531777205323,0
1947,3,1,0.35829889361361106,0
1948,4,0,0.16506550934713157,0
1949,5,0,0.212260476819788,0
1950,2,0,0.7995413591797782,1
1951,3,1,0.6862718974073219,1
1952,2,1,0.5523369540504293,1
1953,1,1,0.7411301044172603,1
1954,4,1,0.5384468283850313,1
1955,4,0,0.22782164429917012,0
1956,1,1,0.1669653667938252,0
1957,2,0,0.04147048120269156,0
1958,1,0,0.053373307861159715,0
1959,3,0,0.011272443415133072,0
1960,3,0,0.01361065687717547,0
1961,4,1,0.7281954202740046,1
1962,3,0,0.035130067283307205,0
1963,3,0,0.01095504713967116,0
1964,2,0,0.03184303675045787,0
1965,4,0,0.12088426830516796,0
1966,2,0,0.1937350634107913,0
1967,5,0,0.0403633768954544,0
1968,1,0,0.3684552895553252,0
1969,4,1,0.7341999344003338,1
1970,2,0,0.6657870026221895,1
1971,1,0,0.012339557925155419,0
1972,5,1,0.6369299372705041,1
1973,1,1,0.7255710826953299,1
1974,3,1,0.09337313895837647,0
1975,5,0,0.0641597434792497,0
1976,3,0,0.12809358360965145,0
1977,5,1,0.46587299931947157,0
1978,1,0,0.41262853975387676,0
1979,5,0,0.4851772371530573,0
1980,5,0,0.013659815317022775,0
1981,2,1,0.6190796565648832,1
1982,4,0,0.12547548279785306,0
1983,3,0,0.03364695045543511,0
1984,1,0,0.02063078905218938,0
1985,4,0,0.0975270089204112,0
1986,2,0,0.05700480886430704,0
1987,4,0,0.13095501745153057,0
1988,3,0,0.11320280019201154,0
1989,3,0,0.04261452457233151,0
1990,5,0,0.01966897176805161,0
1991,3,0,0.15471705564377466,0
1992,3,1,0.6015629254182961,1
1993,4,0,0.26117299764616714,0
1994,5,0,0.42956870116728435,0
1995,2,0,0.6458092828965857,1
1996,5,0,0.1534276018632585,0
1997,4,1,0.8305147953171338,1
1998,5,1,0.7983400659048119,1
1999,1,0,0.06128774887417416,0
2000,1,0,0.011887173525917711,0
2001,4,0,0.596962185591863,1
2002,1,1,0.6293216442018889,1
2003,5,0,0.020471567553874005,0
2004,3,0,0.044182106876141686,0
2005,5,1,0.6847700586713811,1
2006,5,0,0.012954723624144815,0
2007,3,0,0.08528528169788757,0
2008,5,0,0.01707515664271528,0
2009,2,0,0.014894048386796631,0
2010,5,0,0.15238790308490527,0
2011,5,0,0.07254600993987764,0
2012,2,0,0.6384439093300031,1
2013,1,1,0.18667354076526096,0
2014,1,1,0.5461450144559356,1
2015,4,0,0.13378005312749075,0
2016,4,0,0.012765717472214586,0
2017,3,1,0.34652708186203696,0
2018,2,0,0.13410860446073725,0
2019,3,0,0.09587414775527763,0
2020,3,1,0.8076578990433309,1
2021,4,0,0.12086496245040464,0
2022,5,0,0.34136570431365415,0
2023,5,0,0.02992895273578398,0
2024,4,0,0.07229800242181737,0
2025,3,0,0.05626571567751419,0
2026,5,0,0.7273130470886137,1
2027,2,0,0.06120433098110937,0
2028,1,0,0.06533821319234064,0
2029,5,1,0.28130166362321657,0
2030,2,0,0.5770746874961227,1
2031,3,0,0.127430563457718,0
2032,5,0,0.3050353777368543,0
2033,3,0,0.008000145805917876,0
2034,5,1,0.16888094830650552,0
2035,1,1,0.149997350897104,0
2036,2,0,0.08997110131696968,0
2037,1,1,0.09058924561000642,0
2038,4,0,0.4038282444211602,0
2039,4,0,0.5771762143013885,1
2040,4,1,0.7756263835738285,1
2041,1,0,0.05225186267379984,0
2042,1,1,0.2694835945311246,0
2043,2,0,0.08981489987750521,0
2044,5,0,0.058692130615522774,0
2045,5,1,0.5083869567884257,1
2046,2,0,0.18496316799157064,0
2047,1,1,0.5888804219961408,1
2048,2,0,0.057271292377552345,0
2049,2,1,0.6439651527312019,1
2050,4,0,0.04295062622753924,0
2051,1,1,0.42474418523957563,0
2052,3,0,0.24737188378334216,0
2053,3,0,0.12509020476071214,0
2054,3,1,0.16392813756466867,0
2055,1,0,0.04767870643259498,0
2056,5,0,0.08243066040168714,0
2057,1,1,0.7151079860312598,1
2058,4,0,0.17290116704250003,0
2059,4,0,0.20050798657727764,0
2060,2,0,0.6221427618589375,1
2061,5,1,0.7502923213133562,1
2062,1,0,0.04165715556968908,0
2063,1,0,0.11119795784067238,0
2064,3,0,0.016947595857746568,0
2065,2,0,0.031339444760175146,0
2066,1,1,0.45640301337379063,0
2067,5,1,0.42816631912212133,0
2068,3,0,0.19636643702304868,0
2069,5,0,0.05235835509196508,0
2070,1,0,0.15570718385984247,0
2071,2,1,0.7945711797433632,1
2072,2,0,0.05610539659475995,0
2073,1,0,0.7375375931208972,1
2074,4,0,0.062047870296007675,0
2075,4,0,0.24315064122016483,0
2076,5,1,0.1332332757400254,0
2077,1,1,0.2840160431413344,0
2078,5,0,0.42486767264600256,0
2079,5,1,0.5304007790971863,1
2080,2,1,0.30997514558422906,0
2081,1,0,0.05519684880493951,0
2082,1,0,0.16142634463670313,0
2083,3,1,0.15176698318477563,0
2084,4,1,0.3992041959743285,0
2085,4,0,0.036930107790685576,0
2086,5,1,0.5102127655692997,1
2087,2,0,0.431214389067733,0
2088,3,0,0.42450236970960165,0
2089,1,0,0.058708095348088095,0
2090,2,0,0.11304369902709135,0
2091,2,0,0.5107282691117596,1
2092,1,0,0.015239620132018876,0
2093,5,0,0.022321407675494058,0
2094,2,0,0.24175014413275747,0
2095,5,0,0.03438836755633341,0
2096,4,0,0.06767721861137456,0
2097,5,0,0.0518405054752996,0
2098,2,0,0.24808986541268666,0
2099,3,0,0.1680658844892034,0
2100,4,0,0.10137673324560653,0
2101,2,0,0.02155345923927218,0
2102,5,0,0.08722132375865822,0
2103,5,1,0.7712612285054582,1
2104,4,0,0.15217997197253466,0
2105,2,1,0.1882098426720521,0
2106,2,0,0.5294406639618053,1
2107,5,0,0.3834223668293321,0
2108,5,1,0.7287058941229305,1
2109,5,0,0.0862935310203485,0
2110,4,0,0.008550684389907724,0
2111,2,0,0.16241614939688412,0
2112,1,0,0.010603923878753075,0
2113,4,0,0.7392930223912222,1
2114,4,0,0.6017000585750919,1
2115,4,0,0.15774805714588905,0
2116,4,0,0.02051407672960844,0
2117,1,0,0.17228187436071019,0
2118,5,0,0.23683582578534831,0
2119,3,0,0.031932754766225396,0
2120,4,0,0.17772072681779416,0
2121,2,0,0.0914682053720539,0
2122,3,0,0.023027531062342902,0
2123,5,1,0.165416786999731,0
2124,2,0,0.15900284132809436,0
2125,3,0,0.05278820262932938,0
2126,5,0,0.01123392906235602,0
2127,1,0,0.597018380335435,1
2128,3,0,0.19557454541108538,0
2129,3,0,0.026594541942908324,0
2130,2,1,0.5305857702905057,1
2131,5,0,0.024125518893711746,0
2132,3,0,0.009366534298458956,0
2133,5,1,0.394110622764183,0
2134,4,0,0.14679772481120557,0
2135,4,0,0.038452039219569835,0
2136,4,0,0.1621328845916193,0
2137,4,1,0.31036723640599784,0
2138,2,1,0.1637219703796202,0
2139,3,0,0.02474420266138913,0
2140,4,0,0.16096393443684975,0
2141,2,0,0.03367345690122844,0
2142,1,0,0.04547022065745442,0
2143,3,1,0.34191862743682255,0
2144,2,1,0.5061589201008111,1
2145,1,0,0.0803769048902489,0
2146,1,1,0.7276854500491919,1
2147,4,0,0.5954591836619313,1
2148,1,1,0.5303153673734338,1
2149,3,0,0.13860152511647147,0
2150,2,0,0.14637311353654883,0
2151,4,1,0.1295816306976026,0
2152,5,1,0.2943326529070342,0
2153,4,0,0.03823115233663295,0
2154,2,0,0.7110783116305214,1
2155,4,0,0.04103099898123561,0
2156,3,0,0.4526490758209713,0
2157,1,1,0.39831767918572936,0
2158,3,0,0.253162387906088,0
2159,3,0,0.27902892672959784,0
2160,3,0,0.12443043609580418,0
2161,4,1,0.41757747709423004,0
2162,4,0,0.42646678633686913,0
2163,3,0,0.0758207360425993,0
2164,2,0,0.22011627872163927,0
2165,4,0,0.09212268285004913,0
2166,3,0,0.24960325765596908,0
2167,2,0,0.7024198525407851,1
2168,5,1,0.39254778312474375,0
2169,2,0,0.17937349441963082,0
2170,3,0,0.09270940217276599,0
2171,5,1,0.5928988772744481,1
2172,1,0,0.42836716871084474,0
2173,5,1,0.5604302710665618,1
2174,3,0,0.17285954289619504,0
2175,1,1,0.12983090022700308,0
2176,3,0,0.0281382321883176,0
2177,2,0,0.02067224096769075,0
2178,5,1,0.5492368976024351,1
2179,5,0,0.08045805836942974,0
2180,5,0,0.13430079588182617,0
2181,1,0,0.20781078758508834,0
2182,3,0,0.15743722958460765,0
2183,4,0,0.26323684057399044,0
2184,1,0,0.6100266698762775,1
2185,2,1,0.25346520045402016,0
2186,3,0,0.12985720382365232,0
2187,3,0,0.1839606017926019,0
2188,4,0,0.01998372828808993,0
2189,3,1,0.5653689176402237,1
2190,3,0,0.07544634667411328,0
2191,3,0,0.014959237691861488,0
2192,2,0,0.038726932018336234,0
2193,3,0,0.4725216823574314,0
2194,3,0,0.1840780933425959,0
2195,4,0,0.6791357543071169,1
2196,5,0,0.08516577104332954,0
2197,3,0,0.565650703715506,1
2198,3,0,0.06720908076037742,0
2199,4,1,0.4094999468340476,0
2200,4,0,0.11155250662228684,0
2201,3,0,0.033187760983513746,0
2202,1,1,0.22750843711415564,0
2203,4,0,0.26529554105134895,0
2204,2,0,0.08783342568306217,0
2205,5,0,0.04634919502909083,0
2206,5,0,0.009251466004391532,0
2207,4,0,0.5753022796210424,1
2208,5,1,0.6990778358571909,1
2209,2,0,0.04625758127288176,0
2210,2,0,0.08590663703150477,0
2211,1,0,0.014517881745028403,0
2212,1,0,0.3201490513223113,0
2213,2,1,0.5681863984337697,1
2214,1,0,0.040598603948496105,0
2215,4,0,0.18926499261969418,0
2216,4,0,0.5608130365127705,1
2217,5,1,0.31246787105386636,0
2218,2,1,0.0763536398808013,0
2219,3,0,0.03465985159916438,0
2220,4,0,0.19670982310562177,0
2221,1,0,0.3008954650535244,0
2222,2,1,0.6390647019816597,1
2223,2,1,0.8248205626296724,1
2224,2,0,0.013984169763490997,0
2225,2,0,0.1690279886367692,0
2226,3,0,0.17322428559927466,0
2227,3,0,0.05309470515177335,0
2228,1,1,0.30379233344608486,0
2229,3,0,0.011059782323457829,0
2230,2,0,0.04618526040135448,0
2231,1,0,0.6624330515857041,1
2232,3,1,0.7912958066388844,1
2233,4,0,0.2466168026381542,0
2234,2,1,0.3628131162490802,0
2235,1,1,0.5412683943748006,1
2236,5,0,0.031288427638080735,0
2237,4,1,0.19261017108857892,0
2238,4,0,0.2662353324584418,0
2239,1,1,0.4438227407736204,0
2240,3,1,0.8397336643465899,1
2241,5,0,0.033979989214712944,0
2242,4,0,0.057437323873876664,0
2243,2,0,0.8052526268829622,1
2244,2,1,0.3926721612938007,0
2245,4,0,0.2579243790368938,0
2246,4,0,0.03992153136779532,0
2247,3,1,0.6338479944910764,1
2248,4,0,0.10496185717406815,0
2249,3,0,0.03691712362174029,0
2250,1,0,0.019370887557539507,0
2251,5,1,0.8535279024880807,1
2252,5,0,0.013276595178432089,0
2253,2,0,0.018871984208218257,0
2254,1,0,0.3635901117907262,0
2255,1,0,0.7674300407568321,1
2256,5,1,0.3906061772084006,0
2257,1,0,0.17670208045891966,0
2258,3,0,0.45689119654033655,0
2259,3,0,0.02105926553884457,0
2260,4,0,0.28278736886637373,0
2261,4,0,0.44608001500622846,0
2262,3,1,0.19035839515390635,0
2263,4,0,0.08745125558058484,0
2264,3,0,0.12354448244115762,0
2265,1,0,0.02139418520509409,0
2266,5,0,0.08341220367848527,0
2267,3,0,0.14367029439872148,0
2268,5,0,0.020500943737481712,0
2269,5,0,0.020443644624550224,0
2270,5,0,0.25397100199838885,0
2271,4,0,0.2320901701110229,0
2272,3,0,0.06418667957729392,0
2273,5,0,0.09467482987088187,0
2274,2,1,0.16234674709394697,0
2275,5,0,0.07826473640631802,0
2276,1,1,0.8767259403422472,1
2277,4,0,0.05777745764545302,0
2278,1,1,0.3995118806221058,0
2279,4,0,0.38881780554248085,0
2280,5,0,0.023503427050271256,0
2281,1,1,0.5141769671041232,1
2282,2,0,0.026112876595387084,0
2283,3,1,0.8295043234461563,1
2284,5,0,0.6383639142676232,1
2285,3,0,0.05204164690475839,0
2286,2,0,0.16469546493434598,0
2287,1,0,0.018775223295985428,0
2288,4,1,0.7793002003564297,1
2289,4,1,0.6217376598529826,1
2290,3,1,0.5812180733777176,1
2291,4,1,0.5605110750569725,1
2292,1,1,0.24117606058499663,0
2293,4,1,0.5808121734367456,1
2294,1,0,0.016018336926799125,0
2295,3,0,0.5962168120221751,1
2296,3,1,0.690068441031881,1
2297,4,0,0.011979066933741437,0
2298,2,0,0.18628611947363716,0
2299,5,0,0.011777461921628887,0
2300,5,1,0.2465475609937117,0
2301,4,0,0.1042865922426788,0
2302,2,0,0.08418909130891367,0
2303,5,0,0.050536599232126195,0
2304,2,0,0.29702376863043795,0
2305,5,0,0.011328638901537564,0
2306,3,0,0.33443093756652864,0
2307,2,0,0.11665604376104767,0
2308,5,0,0.36007413774057895,0
2309,1,0,0.1363136914932969,0
2310,1,1,0.7640810465896695,1
2311,5,0,0.4759170686349455,0
2312,1,0,0.027991650602428544,0
2313,1,0,0.23448236066067765,0
2314,5,0,0.06354470573427859,0
2315,2,1,0.45322850105429185,0
2316,4,0,0.12555765598592897,0
2317,3,0,0.010524911636732434,0
2318,2,0,0.03512319857313525,0
2319,1,0,0.45899734020798244,0
2320,3,1,0.5086292074320059,1
2321,4,0,0.02308284053349701,0
2322,5,0,0.24922613908256963,0
2323,4,0,0.15118041566206872,0
2324,1,1,0.5561130523722646,1
2325,2,0,0.16923089521202941,0
2326,3,0,0.6158459921477708,1
2327,5,0,0.034843375126953895,0
2328,1,0,0.2626666370185787,0
2329,2,0,0.05681735883685415,0
2330,1,0,0.039614742384500405,0
2331,2,0,0.10357135114909911,0
2332,4,1,0.8464971802605267,1
2333,1,0,0.360735103936516,0
2334,3,0,0.13804451543160404,0
2335,3,0,0.11977684062798469,0
2336,4,0,0.10839198141462607,0
2337,2,1,0.7456313798956672,1
2338,5,0,0.14315530328957027,0
2339,5,1,0.49387141902920656,0
2340,4,0,0.05208552279952005,0
2341,5,0,0.05623381193424546,0
2342,1,0,0.7242717056266749,1
2343,3,1,0.11478476960512811,0
2344,4,0,0.1824601355529241,0
2345,2,1,0.07931116457347223,0
2346,5,0,0.2922230942107863,0
2347,4,0,0.1367349841355111,0
2348,2,1,0.8283893406297417,1
2349,5,0,0.35663383286309813,0
2350,5,1,0.4932908190147209,0
2351,3,0,0.15448712063862516,0
2352,2,0,0.1492319992865169,0
2353,5,0,0.013815471017520783,0
2354,5,0,0.03501665238988428,0
2355,4,0,0.035295597487090186,0
2356,3,1,0.14894776041308577,0
2357,4,0,0.09817452700543235,0
2358,5,0,0.012099063193809063,0
2359,5,0,0.06118567593143611,0
2360,3,0,0.17339892165098417,0
2361,3,0,0.023305899000410513,0
2362,2,1,0.7786394540624374,1
2363,3,0,0.510239326223637,1
2364,1,0,0.39539081517572155,0
2365,1,0,0.021630338194455995,0
2366,3,0,0.011485040074472853,0
2367,4,1,0.7605633165817808,1
2368,1,0,0.009992609978671888,0
2369,2,0,0.2337512747223009,0
2370,2,0,0.33846606892287956,0
2371,1,0,0.01978629980056115,0
2372,4,1,0.584902060526133,1
2373,1,0,0.019403065450556093,0
2374,5,1,0.4222833784000394,0
2375,4,0,0.41652515223151926,0
2376,4,0,0.03751334696172125,0
2377,2,1,0.7737027040068613,1
2378,3,0,0.06262788798944005,0
2379,5,0,0.03500285963327214,0
2380,3,0,0.5449629701332044,1
2381,2,0,0.17209412165798038,0
2382,4,1,0.5473962134778533,1
2383,2,1,0.1950965055048328,0
2384,4,1,0.13285859233155375,0
2385,1,0,0.05973046270800846,0
2386,1,1,0.4851636457199307,0
2387,3,0,0.009643462568174005,0
2388,2,1,0.2913268166379016,0
2389,1,0,0.10341529293936284,0
2390,4,1,0.5565786933246802,1
2391,1,0,0.07652091401952327,0
2392,3,0,0.4509437361515117,0
2393,2,0,0.022222799381269188,0
2394,3,0,0.011360184116072479,0
2395,2,0,0.027115703584715673,0
2396,5,0,0.057784031076328825,0
2397,3,1,0.1642305939185537,0
2398,3,0,0.06125812791674461,0
2399,4,0,0.1071522427940405,0
2400,2,0,0.06044174391252881,0
2401,5,0,0.04764184473012815,0
2402,5,1,0.5663428502996304,1
2403,3,1,0.7069586482945175,1
2404,5,0,0.08817908171623635,0
2405,3,1,0.023812325550595655,0
2406,3,0,0.3410544284843549,0
2407,4,1,0.6251562276481144,1
2408,4,0,0.2779080693406609,0
2409,1,1,0.5650455476501255,1
2410,2,0,0.03420768850793496,0
2411,2,0,0.10904290480907684,0
2412,3,0,0.02155212827155048,0
2413,2,0,0.5071938711869015,1
2414,5,0,0.009485892871113203,0
2415,3,0,0.732610770568749,1
2416,5,0,0.2131126737261329,0
2417,3,0,0.05471902928451147,0
2418,4,1,0.6023078786962309,1
2419,1,1,0.5083955292397055,1
2420,4,0,0.08857899840359482,0
2421,1,0,0.04468763830920174,0
2422,1,0,0.029123785866067127,0
2423,2,0,0.09038662108677498,0
2424,1,0,0.06709676470015055,0
2425,4,0,0.06368232448144603,0
2426,1,0,0.1897488575976908,0
2427,4,1,0.2728383803456336,0
2428,2,0,0.08565335920026182,0
2429,1,1,0.5889891335983979,1
2430,5,0,0.07423225787190595,0
2431,5,0,0.07096637664189474,0
2432,4,1,0.5431275818861799,1
2433,3,1,0.44065614229652034,0
2434,5,0,0.16403665429962005,0
2435,5,0,0.04715841632783979,0
2436,5,0,0.10902766492698755,0
2437,4,0,0.2506540955516672,0
2438,2,0,0.026616715037850153,0
2439,3,0,0.1856381736273758,0
2440,5,1,0.6300400074712191,1
2441,1,0,0.04902648738769278,0
2442,5,1,0.6577224873470551,1
2443,1,0,0.017792100718305653,0
2444,1,0,0.04682302644430903,0
2445,2,0,0.47146471410519253,0
2446,5,1,0.40525529381940695,0
2447,5,0,0.2573614339775621,0
2448,1,0,0.00872231973214966,0
2449,2,0,0.6442613851971706,1
2450,3,0,0.16017472903955104,0
2451,5,0,0.13310938826381802,0
2452,5,1,0.5121046832315354,1
2453,3,0,0.47258232577044057,0
2454,3,1,0.7318861089130652,1
2455,2,0,0.717600520144316,1
2456,3,1,0.2343477742700399,0
2457,4,0,0.08123942125183481,0
2458,4,0,0.01688336753821375,0
2459,4,0,0.3405452349033765,0
2460,1,1,0.03491326961796777,0
2461,4,0,0.1261876404708109,0
2462,2,0,0.03959952032306529,0
2463,2,0,0.06545607611212574,0
2464,2,0,0.7869034002002835,1
2465,3,0,0.07427342006398711,0
2466,5,1,0.5677594720783095,1
2467,5,0,0.04622167173349829,0
2468,1,0,0.12081230383138201,0
2469,5,0,0.04098255717146888,0
2470,1,0,0.12926681613191718,0
2471,4,0,0.09572640199649653,0
2472,3,0,0.02035219829918508,0
2473,2,0,0.6087274894363053,1
2474,3,0,0.09001201164389087,0
2475,2,0,0.0328266809494399,0
2476,4,1,0.3297840065363173,0
2477,1,0,0.010905561319668876,0
2478,2,1,0.1898593322890596,0
2479,1,0,0.3039217390175701,0
2480,4,0,0.49321160895990684,0
2481,5,1,0.28124213721857344,0
2482,5,0,0.1371159713051417,0
2483,3,0,0.04735324236998517,0
2484,3,0,0.198826772134398,0
2485,3,1,0.2596865952885889,0
2486,3,0,0.21698769446911753,0
2487,3,0,0.027066099468142757,0
2488,4,0,0.1283716707140178,0
2489,4,0,0.6772304610084546,1
2490,3,0,0.03471080911215103,0
2491,4,0,0.11916317601995516,0
2492,5,1,0.747330333456111,1
2493,5,0,0.03226100027562185,0
2494,1,1,0.5734831873520988,1
2495,1,1,0.5930578415108213,1
2496,5,0,0.1335362577088931,0
2497,5,0,0.022725698517845432,0
2498,5,0,0.13018456864298694,0
2499,4,0,0.1443125654846746,0
2500,1,1,0.7338127854237408,1
2501,4,0,0.33689605464975164,0
2502,5,0,0.5824443505189122,1
2503,4,0,0.038091006725350714,0
2504,2,0,0.10125707666953453,0
2505,2,1,0.30691493172772427,0
2506,4,0,0.5040629126367052,1
2507,2,0,0.016761578126636274,0
2508,2,0,0.05451496842161047,0
2509,2,1,0.3000254865265054,0
2510,5,0,0.45256473847080814,0
2511,4,0,0.2606268323079915,0
2512,2,1,0.7756589946569196,1
2513,3,0,0.22669471914219555,0
2514,2,0,0.04643224706140702,0
2515,4,0,0.422265728393539,0
2516,5,0,0.26304208683183866,0
2517,3,0,0.1315918409559156,0
2518,1,0,0.15950434060722757,0
2519,1,1,0.7619038104380046,1
2520,3,0,0.019768767558812152,0
2521,2,0,0.17940678660650897,0
2522,3,0,0.0708041298973114,0
2523,2,0,0.2730745494258503,0
2524,2,0,0.024278041166098267,0
2525,4,0,0.057816527221800265,0
2526,1,1,0.44583928345155194,0
2527,1,1,0.3913278495410046,0
2528,2,0,0.37689473194269507,0
2529,4,0,0.24938726373819894,0
2530,2,0,0.03394105557826585,0
2531,4,0,0.043356868633010304,0
2532,2,0,0.22923368862733737,0
2533,2,0,0.045690593295023445,0
2534,2,0,0.26904906875318463,0
2535,1,0,0.03517161266388054,0
2536,2,0,0.034070744549426296,0
2537,1,1,0.7997884309647733,1
2538,3,1,0.5188293648007257,1
2539,3,0,0.5148033039938756,1
2540,1,0,0.1391798286724919,0
2541,5,0,0.21100761376822294,0
2542,4,0,0.4951482479213065,0
2543,3,1,0.22236900275119004,0
2544,3,1,0.7172413746382242,1
2545,3,0,0.03991017455434105,0
2546,4,1,0.6903748666033278,1
2547,1,0,0.31148777988281645,0
2548,4,1,0.618416946997492,1
2549,5,0,0.02689230735281238,0
2550,3,0,0.017168479465934694,0
2551,5,0,0.048333043127163834,0
2552,3,0,0.05955401729065981,0
2553,3,0,0.06248393943475269,0
2554,2,0,0.2233759282394141,0
2555,5,0,0.018739023103307672,0
2556,4,0,0.16392468646782837,0
2557,3,0,0.22507839484014888,0
2558,4,1,0.4853794310558837,0
2559,3,0,0.23411157356604018,0
2560,2,0,0.07964405780577002,0
2561,4,0,0.34006825863163226,0
2562,3,0,0.031621614439915825,0
2563,4,1,0.5595641262567339,1
2564,3,0,0.2412910066421528,0
2565,2,0,0.09176288817908489,0
2566,3,0,0.20776247068466472,0
2567,1,0,0.034474571000639255,0
2568,3,1,0.33509004025741745,0
2569,5,0,0.4801297534089705,0
2570,1,0,0.012961372714856118,0
2571,4,1,0.1465542548578998,0
2572,1,0,0.02162747932701849,0
2573,4,1,0.14438370943002446,0
2574,1,0,0.2905153900524938,0
2575,5,1,0.04028050707687158,0
2576,5,0,0.09447110110281251,0
2577,5,1,0.043585028667786165,0
2578,3,1,0.6365369733398385,1
2579,4,0,0.024859929190260144,0
2580,5,1,0.39761155154190203,0
2581,2,1,0.8743496485590345,1
2582,1,0,0.1782278666291801,0
2583,3,1,0.793415419799429,1
2584,5,0,0.13625628924021121,0
2585,5,0,0.0423521181818037,0
2586,3,0,0.04335741176577048,0
2587,2,1,0.7049781076205345,1
2588,5,0,0.6977194650084887,1
2589,4,1,0.814044809954306,1
2590,5,0,0.14634395352991986,0
2591,5,0,0.04385120525809259,0
2592,2,1,0.6372954007870921,1
2593,5,0,0.1930635519394804,0
2594,4,1,0.3203512251579147,0
2595,3,1,0.6766314042104669,1
2596,3,0,0.20361482511843146,0
2597,5,1,0.2528225062509568,0
2598,1,1,0.2884939048071232,0
2599,1,0,0.12842409508797245,0
2600,1,0,0.08031286002236702,0
2601,5,0,0.11601172005698078,0
2602,2,0,0.07689817461813486,0
2603,1,1,0.7564173258631341,1
2604,4,1,0.5373610762555018,1
2605,1,0,0.05491366595822089,0
2606,2,0,0.4798666800058786,0
2607,5,0,0.0637132051529285,0
2608,1,0,0.013973331687680864,0
2609,3,0,0.4243693466314262,0
2610,3,1,0.6677702004136513,1
2611,3,0,0.028137019303434863,0
2612,1,0,0.16937587245252497,0
2613,4,0,0.040348093555803995,0
2614,4,0,0.1551660945883025,0
2615,1,0,0.034008086165044714,0
2616,3,0,0.010166509707071928,0
2617,2,0,0.06173858794649302,0
2618,3,0,0.28976718539137575,0
2619,3,0,0.16392813756466867,0
2620,1,0,0.16868394102325202,0
2621,2,1,0.7019709028979468,1
2622,5,0,0.038052794380360556,0
2623,4,0,0.23669532110690206,0
2624,1,0,0.1536392180648548,0
2625,2,0,0.20042401475216928,0
2626,2,0,0.08084460912344595,0
2627,4,0,0.0927143994366615,0
2628,3,0,0.1369908879138594,0
2629,3,0,0.23283462089571347,0
2630,5,0,0.13271242646977052,0
2631,5,0,0.5470509422357763,1
2632,3,1,0.7913291589174705,1
2633,4,1,0.30799268268910757,0
2634,4,0,0.2614269297206221,0
2635,4,0,0.10215326137586406,0
2636,2,1,0.3663616586623709,0
2637,4,1,0.6741823341668943,1
2638,4,1,0.5433367021459806,1
2639,1,0,0.01073681339584384,0
2640,4,0,0.10746115169404429,0
2641,3,0,0.024666421621990016,0
2642,1,1,0.28311123266370036,0
2643,2,0,0.15710437716314807,0
2644,2,0,0.0428606985913572,0
2645,4,1,0.6416767568189284,1
2646,2,0,0.14916851459558533,0
2647,5,1,0.33190884048277336,0
2648,4,0,0.5802955608620645,1
2649,1,1,0.6075999829248122,1
2650,4,0,0.0572858495760781,0
2651,4,0,0.03471862278672167,0
2652,2,0,0.2949989930932292,0
2653,3,0,0.057627677954454046,0
2654,4,0,0.06567361750472762,0
2655,5,1,0.08782382377846638,0
2656,5,0,0.4250342144857967,0
2657,1,1,0.8160299352073959,1
2658,1,1,0.5974823636536543,1
2659,1,0,0.23376159960303133,0
2660,4,1,0.48354565293916985,0
2661,5,0,0.27009847941491766,0
2662,4,0,0.7371406787638913,1
2663,1,0,0.062421389302208224,0
2664,5,0,0.02850043770868718,0
2665,5,0,0.03859602319149576,0
2666,1,0,0.08933769875638142,0
2667,5,0,0.7485957723190855,1
2668,3,0,0.09674993930504247,0
2669,2,1,0.6176925204465005,1
2670,2,0,0.13157943403790567,0
2671,3,0,0.019314359256845957,0
2672,4,0,0.6241739004513034,1
2673,2,0,0.19719218891141338,0
2674,2,0,0.20353048458701223,0
2675,4,1,0.5432205602209539,1
2676,5,0,0.017478486349931585,0
2677,4,0,0.044206305698523955,0
2678,2,0,0.5498823782398531,1
2679,5,1,0.4474464196892716,0
2680,4,0,0.017602577968913014,0
2681,1,0,0.02527586615119566,0
2682,2,1,0.6333320291176259,1
2683,3,0,0.021799185259061354,0
2684,4,0,0.11437042403182578,0
2685,5,1,0.11003412951316588,0
2686,5,0,0.5936739633772499,1
2687,5,0,0.06606176578314586,0
2688,5,0,0.244562268473125,0
2689,2,0,0.6314974908934944,1
2690,5,1,0.14598618825937384,0
2691,2,1,0.2097768931294947,0
2692,2,0,0.535389080074332,1
2693,1,1,0.41050313677017114,0
2694,3,1,0.38642546192509153,0
2695,5,0,0.16318254157036713,0
2696,4,0,0.030233822698374168,0
2697,3,1,0.5405773379059792,1
2698,2,0,0.1059610889459753,0
2699,2,0,0.1686051342807124,0
2700,1,0,0.04374639971584477,0
2701,4,1,0.6953321419511654,1
2702,2,0,0.03056231759380805,0
2703,3,1,0.5051246249164036,1
2704,3,0,0.11440683129810031,0
2705,1,0,0.018067010045341787,0
2706,2,0,0.49562400775923543,0
2707,2,0,0.09273348276128836,0
2708,4,0,0.08060797837403892,0
2709,4,0,0.031654937108771174,0
2710,4,0,0.23180418027000096,0
2711,3,1,0.6446296965025498,1
2712,4,0,0.02389357001718682,0
2713,4,0,0.10646058870005413,0
2714,3,0,0.44729143613631384,0
2715,3,0,0.054640351220680596,0
2716,3,1,0.7592995781509613,1
2717,1,0,0.0924301970689012,0
2718,3,0,0.04455279634211912,0
2719,1,0,0.13191505063790646,0
2720,3,1,0.4723303727663099,0
2721,5,0,0.20915581098623223,0
2722,5,0,0.029020275218305407,0
2723,3,0,0.05692165320765509,0
2724,2,0,0.036704345271373666,0
2725,4,0,0.057463322508158644,0
2726,3,0,0.11346123988655364,0
2727,3,1,0.3073835650585292,0
2728,3,1,0.24712109477753724,0
2729,5,0,0.17563497576079595,0
2730,2,0,0.5367879865290217,1
2731,3,0,0.09134319870532956,0
2732,5,0,0.01321968477636882,0
2733,3,0,0.02265234055372289,0
2734,4,0,0.14193386047690076,0
2735,1,0,0.02307038176656756,0
2736,5,0,0.19162855671437234,0
2737,5,0,0.1354652648769263,0
2738,4,0,0.25488395645796735,0
2739,3,0,0.012754622268516633,0
2740,1,1,0.3729444334645493,0
2741,3,0,0.02353468391587544,0
2742,2,0,0.033239905308083975,0
2743,2,0,0.18007364448215654,0
2744,2,0,0.07805066011460803,0
2745,1,0,0.5227664538461563,1
2746,3,0,0.46121281856188096,0
2747,4,0,0.05920955178734229,0
2748,1,0,0.4638528158898613,0
2749,4,0,0.35215232157686555,0
2750,2,0,0.05197921818707076,0
2751,4,0,0.058567054807455936,0
2752,3,0,0.16730117433519823,0
2753,4,1,0.5590196180448562,1
2754,1,0,0.11959503410577972,0
2755,4,0,0.06867571379783767,0
2756,3,0,0.017408505779455873,0
2757,3,1,0.7704754820727506,1
2758,2,0,0.25368819762460354,0
2759,5,1,0.2186952982874167,0
2760,2,0,0.06717915203567684,0
2761,1,0,0.00890805432776272,0
2762,2,1,0.5962875911123751,1
2763,3,1,0.08735061489196798,0
2764,2,0,0.2819635250071926,0
2765,4,0,0.3720539543945081,0
2766,3,1,0.6749485151909986,1
2767,2,0,0.11436457245688741,0
2768,3,0,0.07665425929534882,0
2769,1,1,0.4325638387543043,0
2770,4,1,0.802096540644339,1
2771,2,0,0.22003688250998588,0
2772,1,0,0.02449713553967545,0
2773,2,0,0.36266100578065746,0
2774,4,0,0.06941281322970591,0
2775,3,0,0.29402070615126397,0
2776,2,0,0.3579493734825662,0
2777,4,0,0.15735836336545775,0
2778,2,0,0.08401659467400906,0
2779,1,0,0.3667943311418328,0
2780,4,1,0.1539398848774331,0
2781,1,1,0.753403572852144,1
2782,5,0,0.05773134600625181,0
2783,1,1,0.4805062132862547,0
2784,2,0,0.5371252120586395,1
2785,5,0,0.02033966779799698,0
2786,4,0,0.47689242761326534,0
2787,3,1,0.07345095935159868,0
2788,5,1,0.7522207764009929,1
2789,2,1,0.1653575551355633,0
2790,2,0,0.1389928027297616,0
2791,5,0,0.0230095210584787,0
2792,5,1,0.026942040395387515,0
2793,4,1,0.6735106912968725,1
2794,4,0,0.17097791410904084,0
2795,3,0,0.03691016569547913,0
2796,2,0,0.39711403580858773,0
2797,3,1,0.1698681767645405,0
2798,3,1,0.7701559219217278,1
2799,1,0,0.04523441748566055,0
2800,1,0,0.01575230797828484,0
2801,5,0,0.7898795468812646,1
2802,2,0,0.3544674089844654,0
2803,3,1,0.72105261533963,1
2804,2,1,0.38542671436673753,0
2805,5,0,0.055036949363743586,0
2806,4,1,0.49316066747619736,0
2807,5,0,0.13147872099502886,0
2808,1,1,0.0772530491381849,0
2809,5,0,0.011478030878275258,0
2810,5,0,0.3917333732465069,0
2811,2,0,0.7035003410775985,1
2812,1,0,0.36071539701053407,0
2813,3,0,0.012235462715789498,0
2814,2,0,0.017632794866399026,0
2815,2,0,0.15425151487780073,0
2816,4,0,0.11361162227025191,0
2817,3,0,0.006390226814836848,0
2818,3,0,0.012611958097629597,0
2819,5,1,0.18326335937934932,0
2820,2,1,0.3265951361594212,0
2821,5,1,0.21744089696750765,0
2822,1,0,0.2885819597247513,0
2823,5,1,0.5648987478425334,1
2824,3,0,0.0890781939866113,0
2825,3,0,0.012457198605244227,0
2826,2,1,0.28764882772029715,0
2827,5,0,0.7092181990242659,1
2828,3,0,0.061578834094397294,0
2829,2,1,0.607970844793521,1
2830,5,0,0.32231374198440055,0
2831,5,1,0.7864222594082879,1
2832,4,1,0.6747882043470019,1
2833,3,1,0.5496095743899386,1
2834,2,1,0.16050772004012476,0
2835,1,1,0.7275761703292716,1
2836,4,1,0.17618384123206512,0
2837,2,0,0.5586673886349219,1
2838,3,0,0.7051231329393804,1
2839,3,1,0.439520435854596,0
2840,3,0,0.08969285338897003,0
2841,2,1,0.16709573601947128,0
2842,2,0,0.059512308558123464,0
2843,3,0,0.02379782388946997,0
2844,1,0,0.5273518308512629,1
2845,3,0,0.27227561589680893,0
2846,5,0,0.0456006048301976,0
2847,3,1,0.7792401256409219,1
2848,4,0,0.07770048105605902,0
2849,2,0,0.21776195677208518,0
2850,3,0,0.5491653120469272,1
2851,2,0,0.6036937994212929,1
2852,3,0,0.010148241121648213,0
2853,1,0,0.308581207170187,0
2854,1,0,0.08671439157974918,0
2855,1,0,0.12170580158388837,0
2856,2,1,0.34641737585175747,0
2857,5,0,0.00915206073984329,0
2858,2,0,0.23629734252478066,0
2859,2,0,0.023397433006060595,0
2860,3,0,0.21973003253009654,0
2861,4,0,0.30955470570670934,0
2862,4,0,0.16083852529327058,0
2863,3,0,0.07036977124117781,0
2864,4,0,0.36228579613341955,0
2865,4,0,0.040260355680400685,0
2866,5,0,0.03153772099578283,0
2867,5,1,0.5995315533971357,1
2868,4,0,0.7068245055247444,1
2869,3,0,0.009300876406700001,0
2870,1,0,0.11744909746536628,0
2871,2,1,0.8528057550043745,1
2872,2,1,0.6441215950781228,1
2873,3,0,0.10680691664132187,0
2874,3,1,0.2601877621130436,0
2875,4,0,0.04919951609982185,0
2876,1,0,0.16200719208371195,0
2877,1,1,0.769501961593609,1
2878,4,1,0.45291907688088445,0
2879,5,0,0.038438816754688285,0
2880,2,0,0.061606554337842095,0
2881,3,1,0.1817941058267184,0
2882,4,0,0.1823497260307802,0
2883,1,0,0.17181166770363587,0
2884,3,0,0.022582488946925806,0
2885,4,0,0.42598879024369335,0
2886,2,0,0.1961178094389196,0
2887,4,0,0.021094767674267195,0
2888,4,0,0.04203528882236119,0
2889,4,0,0.693808372096671,1
2890,1,1,0.8062123049876105,1
2891,3,0,0.3642281390490148,0
2892,1,0,0.32719611410028293,0
2893,1,1,0.6918882684454821,1
2894,4,0,0.28497832846219334,0
2895,1,0,0.499162605255055,0
2896,5,1,0.5131055872199483,1
2897,2,0,0.009598389504517128,0
2898,1,0,0.053446200007465854,0
2899,2,1,0.20781310954651705,0
2900,4,0,0.172589926349352,0
2901,3,0,0.04515435392303604,0
2902,1,1,0.1831879249065581,0
2903,4,1,0.7407612644354261,1
2904,3,0,0.41389696210025734,0
2905,3,0,0.3001388413897734,0
2906,2,0,0.02599717537727793,0
2907,2,0,0.09926823499593361,0
2908,2,0,0.10714284798434405,0
2909,1,1,0.17693213745364453,0
2910,1,0,0.018360630883469266,0
2911,5,1,0.5117702302005617,1
2912,3,0,0.12879436278213324,0
2913,2,0,0.05010894944601905,0
2914,4,0,0.36937826251793987,0
2915,3,0,0.24297822947483003,0
2916,5,0,0.027059448800004476,0
2917,5,1,0.05836997639569689,0
2918,1,1,0.4669052094338309,0
2919,3,0,0.019983934472248995,0
2920,5,1,0.25238481021191894,0
2921,5,0,0.13683579934280377,0
2922,3,0,0.015336289816415863,0
2923,5,1,0.16106492760614474,0
2924,1,0,0.02078533435182509,0
2925,3,0,0.03170739016467551,0
2926,4,0,0.05022431805433291,0
2927,3,1,0.6912454144456781,1
2928,2,0,0.07197696027393775,0
2929,5,1,0.6377471327176499,1
2930,1,0,0.15146436713490607,0
2931,2,0,0.18346282281145598,0
2932,5,0,0.0236819088743929,0
2933,3,0,0.4412490340897397,0
2934,1,0,0.06915143789608823,0
2935,5,0,0.11317743749431664,0
2936,1,0,0.14052220371529153,0
2937,3,1,0.2790600024821476,0
2938,3,0,0.06437565253918541,0
2939,2,1,0.08072638427526653,0
2940,5,0,0.018528962798887643,0
2941,1,0,0.648214228110226,1
2942,1,1,0.6075767491050511,1
2943,1,1,0.703855801262981,1
2944,3,1,0.15680040870750026,0
2945,1,0,0.02386854115342233,0
2946,4,0,0.25139613395583627,0
2947,5,1,0.7212418392669372,1
2948,1,1,0.42332528934172065,0
2949,4,0,0.10044407446052527,0
2950,5,1,0.5589945809844641,1
2951,2,1,0.7394118934841198,1
2952,1,0,0.4563397785136985,0
2953,3,1,0.7980791778902445,1
2954,1,0,0.053606075984415275,0
2955,3,0,0.058129803388790535,0
2956,3,1,0.3755107751520952,0
2957,5,1,0.6923151651819324,1
2958,1,1,0.5617483461836656,1
2959,4,1,0.19987905380990853,0
2960,4,0,0.6129005955178539,1
2961,1,0,0.009200097395037474,0
2962,3,0,0.01327932428649772,0
2963,2,1,0.6131124860176846,1
2964,2,0,0.021616521198021772,0
2965,3,1,0.7846214486566391,1
2966,3,1,0.3589466923442097,0
2967,2,1,0.63495892542696,1
2968,3,0,0.12373682623762264,0
2969,4,0,0.5141209108883441,1
2970,2,1,0.6309173099458938,1
2971,1,1,0.2652920034584606,0
2972,4,0,0.01584767672049886,0
2973,2,0,0.4847746055644736,0
2974,1,1,0.32286917629513,0
2975,3,1,0.22432359877868424,0
2976,2,1,0.8120260145627209,1
2977,1,0,0.03013793351504874,0
2978,2,0,0.4704894438070961,0
2979,1,0,0.020782452038884028,0
2980,1,0,0.5523851409209847,1
2981,5,0,0.309863564810381,0
2982,1,0,0.13806116405989066,0
2983,3,0,0.008544677683027036,0
2984,4,0,0.2399822381136461,0
2985,1,0,0.7739327602983951,1
2986,3,0,0.2781534363467647,0
2987,1,0,0.03128631540293207,0
2988,3,0,0.42176093350275123,0
2989,4,0,0.1600332763792047,0
2990,5,0,0.10453685896422711,0
2991,5,1,0.04229299075198869,0
2992,4,0,0.47592757901920635,0
2993,2,1,0.8597826760599311,1
2994,4,1,0.7773236125425662,1
2995,4,0,0.8042500216610721,1
2996,3,0,0.1465849392648591,0
2997,3,0,0.01098626068020621,0
2998,2,1,0.7624189858401472,1
2999,5,1,0.28789957892229334,0
3000,5,0,0.0965350410889782,0
3001,3,0,0.0256346005690972,0
3002,3,1,0.556552837279112,1
3003,1,0,0.03198832957989748,0
3004,5,0,0.031166944257293386,0
3005,5,0,0.04471969458612823,0
3006,3,0,0.05284731584671454,0
3007,1,0,0.21479588930030694,0
3008,5,0,0.0795232025712979,0
3009,1,0,0.01973837570977553,0
3010,4,0,0.22629309234905104,0
3011,3,1,0.302897782437124,0
3012,4,1,0.5562061227232321,1
3013,5,0,0.014290752171751494,0
3014,2,0,0.11192967275876416,0
3015,1,0,0.08227592560259392,0
3016,3,0,0.03441094018008138,0
3017,1,0,0.044796403832197365,0
3018,1,0,0.008293821944875384,0
3019,3,0,0.04086860908382008,0
3020,3,0,0.05583038151501751,0
3021,4,0,0.09503112660023555,0
3022,4,0,0.028520544335037673,0
3023,3,0,0.4478569729357415,0
3024,3,0,0.22687755276921204,0
3025,5,0,0.014186160156721687,0
3026,5,0,0.1467359491574481,0
3027,2,1,0.7663261965706378,1
3028,3,0,0.04871632513078034,0
3029,1,1,0.8095439612733063,1
3030,5,0,0.4179337153935296,0
3031,3,0,0.009805546004665943,0
3032,4,0,0.022182715773968582,0
3033,4,1,0.7011573740575421,1
3034,4,0,0.1286713252500699,0
3035,5,0,0.030092558428353882,0
3036,1,1,0.5038968174629382,1
3037,2,0,0.08970071668554001,0
3038,3,0,0.0293891964159344,0
3039,1,0,0.03045387655226828,0
3040,5,0,0.010583279209504512,0
3041,2,0,0.015103946898334846,0
3042,4,0,0.033058594870299135,0
3043,1,0,0.22304148818106492,0
3044,1,0,0.2720772853296986,0
3045,4,0,0.08548469673872465,0
3046,4,0,0.08671647715494726,0
3047,5,1,0.6270172889601912,1
3048,3,0,0.09986123978698382,0
3049,1,1,0.29596651807837915,0
3050,5,0,0.022435117113645743,0
3051,3,1,0.6953904320630567,1
3052,3,0,0.024778868948373386,0
3053,4,0,0.15537197775143002,0
3054,2,0,0.40906491925617317,0
3055,4,0,0.09894044150971229,0
3056,5,0,0.19223478528098922,0
3057,3,0,0.22682723886461859,0
3058,4,1,0.7733106642259223,1
3059,5,0,0.40830514775931753,0
3060,4,1,0.6837142229957678,1
3061,2,0,0.017814424406967344,0
3062,3,0,0.0461295313555816,0
3063,1,0,0.01182997260177869,0
3064,1,0,0.05136959852804853,0
3065,2,0,0.02166253478347068,0
3066,1,0,0.057677741444123326,0
3067,4,1,0.7791458863070434,1
3068,1,0,0.013770391894589456,0
3069,5,0,0.056930352940703484,0
3070,4,0,0.06800916736370678,0
3071,5,0,0.31879010737145547,0
3072,3,1,0.5757911788188141,1
3073,5,0,0.08130376963364332,0
3074,4,0,0.5302070080833688,1
3075,5,1,0.4949079337520082,0
3076,3,0,0.6178264674584807,1
3077,5,1,0.318532652919466,0
3078,3,0,0.24817566530982604,0
3079,5,0,0.01289311519632757,0
3080,5,1,0.470690583155789,0
3081,2,0,0.07771598567572459,0
3082,4,1,0.7283764368414392,1
3083,5,0,0.16179775036112484,0
3084,1,0,0.043787394544472884,0
3085,1,0,0.09172472305081765,0
3086,2,0,0.25875881279211876,0
3087,2,1,0.5925406214383608,1
3088,5,0,0.013495463517174091,0
3089,3,0,0.11647385628072393,0
3090,4,1,0.2360149519286625,0
3091,5,0,0.024354513813070276,0
3092,1,0,0.04210396856285799,0
3093,3,0,0.49324955159396794,0
3094,4,0,0.026263258973819672,0
3095,3,0,0.5745386080704888,1
3096,2,0,0.5032223981405357,1
3097,1,0,0.06240117071375436,0
3098,5,1,0.6954908786555081,1
3099,1,0,0.03648821445726605,0
3100,5,0,0.5559169027284854,1
3101,4,0,0.019385889801847998,0
3102,2,0,0.736128813473891,1
3103,5,0,0.0512020587018698,0
3104,5,0,0.07737323351918174,0
3105,2,0,0.5686909319132774,1
3106,3,0,0.03883094883705395,0
3107,2,1,0.8490148112062678,1
3108,5,0,0.16425443125447145,0
3109,1,0,0.3589278252953364,0
3110,4,0,0.0711982650809809,0
3111,2,1,0.4161994524247122,0
3112,1,1,0.06662787009927273,0
3113,3,0,0.05788908216739939,0
3114,2,1,0.15729383085201054,0
3115,3,1,0.7976663951815338,1
3116,2,1,0.660842751014117,1
3117,4,0,0.6423340844899472,1
3118,3,0,0.04595501978778932,0
3119,4,1,0.14998703597095392,0
3120,2,0,0.05743500675828421,0
3121,2,0,0.44482153400898056,0
3122,4,0,0.17759345097889298,0
3123,5,0,0.07923628585461909,0
3124,1,0,0.10036709456275446,0
3125,4,0,0.018604156485347714,0
3126,1,0,0.02230738491575472,0
3127,3,0,0.28306270556778185,0
3128,4,1,0.4894637628176669,0
3129,2,0,0.031183420708751314,0
3130,2,0,0.04221408516431775,0
3131,3,0,0.11397108496271866,0
3132,2,1,0.20310920962309323,0
3133,4,0,0.07763785731631946,0
3134,2,0,0.6268969521558766,1
3135,2,1,0.6596719397940365,1
3136,4,0,0.11300402013256183,0
3137,2,0,0.03677615534051707,0
3138,4,0,0.24590890014247493,0
3139,4,0,0.040149426821934765,0
3140,5,0,0.01902797979303155,0
3141,1,0,0.28996158145785744,0
3142,3,1,0.4445772466904067,0
3143,2,0,0.7499500858357907,1
3144,4,0,0.02123481449129451,0
3145,5,0,0.3179230500417932,0
3146,3,0,0.15543123099313058,0
3147,4,1,0.5328628267689661,1
3148,3,1,0.08851924333619068,0
3149,3,1,0.5624821496628001,1
3150,2,0,0.05793104850161754,0
3151,4,0,0.6428013645300187,1
3152,2,1,0.4376660795191074,0
3153,5,0,0.10629707428585912,0
3154,2,0,0.3887257357835579,0
3155,4,0,0.043358234182506325,0
3156,4,0,0.18813379132919317,0
3157,1,0,0.08644536306976307,0
3158,4,0,0.0294312350102013,0
3159,1,0,0.3160708175542102,0
3160,1,1,0.2356824796921894,0
3161,5,0,0.0693145710628159,0
3162,4,1,0.8232425557030573,1
3163,3,0,0.12628678985169903,0
3164,4,0,0.5148785449177217,1
3165,1,0,0.0654364194660004,0
3166,2,0,0.015025938664681136,0
3167,2,0,0.04588559757320404,0
3168,4,1,0.8475313358395978,1
3169,4,0,0.029984528425451743,0
3170,5,0,0.01876958634740571,0
3171,4,0,0.5910180127047937,1
3172,2,0,0.40372945626610013,0
3173,1,0,0.0489147254609685,0
3174,5,0,0.032794567354415376,0
3175,4,1,0.7341319137026532,1
3176,5,0,0.32803402720356467,0
3177,1,0,0.10004399271784659,0
3178,2,0,0.12772604724186148,0
3179,3,1,0.6379797559133897,1
3180,3,0,0.474695047745953,0
3181,2,0,0.23169127739165535,0
3182,1,0,0.020235132101293036,0
3183,2,0,0.11501156947074737,0
3184,2,0,0.10518920683782078,0
3185,4,0,0.13185467822802352,0
3186,5,0,0.052879163434831046,0
3187,1,0,0.08977606413729705,0
3188,2,1,0.7887892974430539,1
3189,2,1,0.20763396934518136,0
3190,2,0,0.1229506753733845,0
3191,2,0,0.07399458252866853,0
3192,1,0,0.42297945361997263,0
3193,5,1,0.7879972913453729,1
3194,1,1,0.250193619197363,0
3195,4,1,0.3481589536384172,0
3196,1,0,0.1609158344328554,0
3197,3,0,0.030502449832752496,0
3198,5,0,0.10420208681076204,0
3199,3,0,0.27632852804313507,0
3200,5,0,0.030425884134208388,0
3201,4,0,0.09854235095229918,0
3202,3,0,0.15768321764100443,0
3203,5,0,0.2592977887335984,0
3204,2,0,0.09007630578770226,0
3205,3,0,0.027529324663284557,0
3206,1,0,0.21743100494424222,0
3207,2,0,0.26212533646084135,0
3208,3,0,0.07208327370869717,0
3209,1,0,0.060185303066107934,0
3210,3,0,0.00815221824588545,0
3211,4,0,0.467850120244965,0
3212,1,0,0.6589754491132485,1
3213,2,0,0.2341402168188885,0
3214,5,0,0.5559728919082105,1
3215,5,1,0.5686538680606722,1
3216,1,0,0.02082346784611539,0
3217,4,0,0.07995393572698808,0
3218,3,1,0.7149379008690387,1
3219,4,0,0.08692909616205055,0
3220,5,1,0.741528032446133,1
3221,5,0,0.5021938688044268,1
3222,5,0,0.0694141467019936,0
3223,2,1,0.7552525217717037,1
3224,4,1,0.6169099919464984,1
3225,4,0,0.10164275630456666,0
3226,2,0,0.08739842362319596,0
3227,3,0,0.13551933335753244,0
3228,4,0,0.03663694682104609,0
3229,5,0,0.477027195010398,0
3230,5,1,0.33532560626046837,0
3231,5,0,0.04432983840507992,0
3232,3,0,0.17744356089300703,0
3233,5,0,0.16872282196580907,0
3234,5,1,0.3959213524869485,0
3235,3,1,0.7882419704735708,1
3236,2,0,0.10562516377516641,0
3237,2,1,0.33938850789725533,0
3238,4,0,0.02379562689979013,0
3239,5,0,0.17098131534431002,0
3240,5,0,0.02301629016516674,0
3241,3,0,0.025514127429667095,0
3242,3,1,0.24813512368820792,0
3243,3,0,0.2725304487263921,0
3244,2,0,0.010183383695251664,0
3245,5,0,0.017276457409144307,0
3246,3,0,0.006383983501032174,0
3247,3,0,0.02477977181631532,0
3248,3,1,0.04258535302113181,0
3249,4,0,0.7477380868981808,1
3250,3,0,0.6485678409410737,1
3251,2,1,0.16818994562194317,0
3252,5,0,0.4870825629827173,0
3253,2,0,0.19384211161431494,0
3254,4,0,0.0700520158308819,0
3255,2,1,0.5286265622843868,1
3256,5,0,0.3922564395071943,0
3257,2,1,0.09688603086946439,0
3258,5,0,0.0630238274387583,0
3259,3,0,0.36170259677175315,0
3260,1,1,0.3457890072107775,0
3261,5,0,0.012488430360882248,0
3262,1,0,0.015976317018283455,0
3263,2,0,0.43314919576460187,0
3264,4,0,0.029766686330070225,0
3265,2,0,0.02169158651579766,0
3266,1,1,0.4036808988795297,0
3267,4,1,0.8784784979685679,1
3268,2,0,0.033806665728931276,0
3269,3,0,0.041605467651529525,0
3270,2,1,0.8880708570380825,1
3271,1,0,0.3358683575226972,0
3272,2,0,0.031344298132996704,0
3273,2,0,0.026778015921655948,0
3274,4,0,0.0415567219682024,0
3275,2,1,0.3749197203498605,0
3276,4,1,0.5706876438446757,1
3277,2,0,0.1539328874342229,0
3278,1,1,0.17676778704642124,0
3279,2,0,0.0348681796217721,0
3280,3,1,0.7837345102046939,1
3281,1,0,0.6547387065230265,1
3282,1,1,0.7204158462116211,1
3283,5,1,0.204779571442814,0
3284,2,0,0.08569696498244318,0
3285,4,0,0.030726939399810898,0
3286,2,1,0.7962492502764139,1
3287,1,0,0.08605290724776486,0
3288,4,1,0.28887097564036496,0
3289,2,0,0.12744489023059113,0
3290,5,1,0.4883810111140657,0
3291,5,0,0.18554429972096634,0
3292,5,0,0.008445324623938984,0
3293,4,0,0.15689771628848068,0
3294,4,0,0.2680498125620822,0
3295,2,0,0.152272365867901,0
3296,2,0,0.10254059236648903,0
3297,5,1,0.5910167603986424,1
3298,2,0,0.2786503718429836,0
3299,3,0,0.01563378449250736,0
3300,2,1,0.3815821809060998,0
3301,4,1,0.4430623654799437,0
3302,1,0,0.21295745030925278,0
3303,4,0,0.36040167074576673,0
3304,3,1,0.6307383568711281,1
3305,3,0,0.023566545559600527,0
3306,2,0,0.18846144429607997,0
3307,4,1,0.40927603511760025,0
3308,1,0,0.6732955324991994,1
3309,1,0,0.06859050555432701,0
3310,2,1,0.1646464022773086,0
3311,1,0,0.09782840017522673,0
3312,5,1,0.2812680145226559,0
3313,4,0,0.027076902045585792,0
3314,5,0,0.13040438209480323,0
3315,2,0,0.02180280161444124,0
3316,4,0,0.5285528018719595,1
3317,4,1,0.3691365762743924,0
3318,1,1,0.010068538422534279,0
3319,2,0,0.27984813878194653,0
3320,1,1,0.4909150939237913,0
3321,3,0,0.7512402451499862,1
3322,3,0,0.4969666986087035,0
3323,1,1,0.4134615870341542,0
3324,2,0,0.03409669706385063,0
3325,2,0,0.1066359715552593,0
3326,5,0,0.11541064669150528,0
3327,1,0,0.20475732138148034,0
3328,2,1,0.7006047997748093,1
3329,1,1,0.6824152241207281,1
3330,5,0,0.031046734339515835,0
3331,3,0,0.06080345134423432,0
3332,4,0,0.07233078724182346,0
3333,5,0,0.16516490491995733,0
3334,4,0,0.03960276389582672,0
3335,3,1,0.6108864660209601,1
3336,1,0,0.032323197530977364,0
3337,4,1,0.22882289436935963,0
3338,5,0,0.10510112701665396,0
3339,2,0,0.6331009873924277,1
3340,5,0,0.09443026699009152,0
3341,4,1,0.07263906764495529,0
3342,4,0,0.4571273558284123,0
3343,2,0,0.36692732837370307,0
3344,2,0,0.01361377817870287,0
3345,1,0,0.6124576240892436,1
3346,3,0,0.26461204765254304,0
3347,2,1,0.6650051476717839,1
3348,3,0,0.1024859455604286,0
3349,1,1,0.38713164527715055,0
3350,2,0,0.41532298310427646,0
3351,4,0,0.03859560791042159,0
3352,2,0,0.02748435656548828,0
3353,2,0,0.04166344065600362,0
3354,3,1,0.5981529567430538,1
3355,1,0,0.023409822751348577,0
3356,2,1,0.3252297694444835,0
3357,5,0,0.11895917193914454,0
3358,4,0,0.11895375991698182,0
3359,3,0,0.06587769905079809,0
3360,5,1,0.18869003582907204,0
3361,4,1,0.6776558835769999,1
3362,4,0,0.23210550106318345,0
3363,1,1,0.7075534778350691,1
3364,4,1,0.5862182599504607,1
3365,5,0,0.051551399203077025,0
3366,4,1,0.3028156654014154,0
3367,3,0,0.02983377872203294,0
3368,2,0,0.30789331559686534,0
3369,3,1,0.30119583223740004,0
3370,1,0,0.10967543083776869,0
3371,1,1,0.017077598351593084,0
3372,3,1,0.23875165773063353,0
3373,5,0,0.17753848855343454,0
3374,1,0,0.07978786118725337,0
3375,1,0,0.05761708959681274,0
3376,1,0,0.1960666107811505,0
3377,5,0,0.5033065905172251,1
3378,2,1,0.6468999921723632,1
3379,1,0,0.10815000165573055,0
3380,4,0,0.11312861282930839,0
3381,1,1,0.3692117589071921,0
3382,3,1,0.4361045747359613,0
3383,3,0,0.013671452540702109,0
3384,5,0,0.4785239432053819,0
3385,2,0,0.2372465776353895,0
3386,3,0,0.04408631648863389,0
3387,4,0,0.15088683162533292,0
3388,3,1,0.5130443141007673,1
3389,1,0,0.020899188972723172,0
3390,5,0,0.1668584040125667,0
3391,2,1,0.7533752163712374,1
3392,1,0,0.3485134610217227,0
3393,3,0,0.3988663188000437,0
3394,4,0,0.32535157987178165,0
3395,2,1,0.5796890988320496,1
3396,3,0,0.3001776629758018,0
3397,1,0,0.11819734220774221,0
3398,4,1,0.7276192735529805,1
3399,1,0,0.7612423771127397,1
3400,1,0,0.5149106310815625,1
3401,1,0,0.6637647275878844,1
3402,4,1,0.5576360049214104,1
3403,5,0,0.28054461612154485,0
3404,1,1,0.16536541291333454,0
3405,1,0,0.423151759522216,0
3406,3,0,0.15479994433883776,0
3407,5,0,0.3152656222241605,0
3408,5,0,0.4621122892393098,0
3409,1,0,0.5642606933369322,1
3410,3,0,0.16200339564022642,0
3411,5,0,0.017348222573673293,0
3412,2,0,0.03089019289802489,0
3413,3,0,0.08255865456264809,0
3414,5,1,0.3458510138291633,0
3415,5,0,0.8120667765699574,1
3416,1,0,0.1541578922693718,0
3417,3,0,0.17969840610210122,0
3418,1,0,0.19667617381894156,0
3419,1,0,0.07966943491796889,0
3420,5,1,0.4995539176119515,0
3421,4,1,0.6350074262567071,1
3422,1,0,0.07017385078618435,0
3423,3,1,0.14773725525479392,0
3424,2,0,0.011273241502662764,0
3425,2,0,0.047074471464399,0
3426,5,0,0.14218116022781632,0
3427,1,0,0.7192358178677364,1
3428,5,0,0.007832285118974356,0
3429,4,0,0.15982569620536743,0
3430,1,1,0.27252942038254446,0
3431,5,1,0.3683567564892975,0
3432,5,0,0.15349984421242585,0
3433,1,0,0.07969951190396384,0
3434,1,0,0.02375818837299639,0
3435,2,0,0.39442910379230406,0
3436,4,0,0.38250686445143267,0
3437,2,1,0.4817248300569214,0
3438,2,0,0.06389834516502407,0
3439,3,1,0.6463753300442661,1
3440,4,1,0.6206783382459923,1
3441,5,0,0.1321670566290819,0
3442,2,0,0.10311036409391024,0
3443,4,0,0.03538985666485891,0
3444,3,1,0.6430463952598161,1
3445,1,0,0.03551347384429302,0
3446,5,1,0.1327238274089435,0
3447,2,0,0.022146369957729818,0
3448,1,0,0.021742323560567,0
3449,2,0,0.6422922039839202,1
3450,3,0,0.0997725542272663,0
3451,5,0,0.1623363201504012,0
3452,2,1,0.7221114411320094,1
3453,4,1,0.7470323479817056,1
3454,2,1,0.4733621763522635,0
3455,2,1,0.5657099808943902,1
3456,5,0,0.3288760222142819,0
3457,1,0,0.039880236347946636,0
3458,1,0,0.01550412791016522,0
3459,3,1,0.6071869584918157,1
3460,2,0,0.13353107344993034,0
3461,1,0,0.5799338714369262,1
3462,1,0,0.10173765306302071,0
3463,1,1,0.7713615417742977,1
3464,1,0,0.2214197417106079,0
3465,1,0,0.20398597223880652,0
3466,5,0,0.34877654046787604,0
3467,3,1,0.7084583095587512,1
3468,3,0,0.024531581281267232,0
3469,5,0,0.09819503847183642,0
3470,1,0,0.09718877699000003,0
3471,2,0,0.02111347204275047,0
3472,4,0,0.0900684448720362,0
3473,5,0,0.15658330491760888,0
3474,2,0,0.03676604093144446,0
3475,1,1,0.2525640871268346,0
3476,5,0,0.1331872707554922,0
3477,5,0,0.10765536394502502,0
3478,2,0,0.057466776333137945,0
3479,4,0,0.021081471844270158,0
3480,2,0,0.15218673668527993,0
3481,4,0,0.09861500634454202,0
3482,4,1,0.7982997422744155,1
3483,3,0,0.02515795627797495,0
3484,2,0,0.061590939960442466,0
3485,3,0,0.19376467437433065,0
3486,5,0,0.029883770016892266,0
3487,1,1,0.5508715931819337,1
3488,3,1,0.7620040054429595,1
3489,1,0,0.49245612695387125,0
3490,1,0,0.14399708002752654,0
3491,2,0,0.13245234880742676,0
3492,5,0,0.488625179920826,0
3493,5,0,0.015437874944203657,0
3494,4,0,0.12785628998140328,0
3495,2,1,0.8013949744931549,1
3496,4,0,0.29579920274132987,0
3497,4,0,0.1681305195721214,0
3498,3,0,0.12702560867618454,0
3499,4,0,0.12891683527106923,0
3500,1,0,0.7885314710040439,1
3501,4,0,0.01596680191934088,0
3502,1,0,0.3444065234749693,0
3503,1,0,0.051105858020576676,0
3504,4,0,0.03233163739169141,0
3505,5,0,0.022395264772570037,0
3506,1,1,0.031213062866714766,0
3507,4,0,0.2916379419684557,0
3508,4,0,0.09754997256738697,0
3509,5,0,0.050045882032576046,0
3510,4,0,0.012205678868517457,0
3511,3,1,0.42845088904018497,0
3512,1,1,0.41269786317721935,0
3513,4,0,0.03331765735719231,0
3514,4,0,0.31764652988798237,0
3515,5,1,0.3762585029195119,0
3516,5,1,0.5643077664185288,1
3517,5,1,0.20980325601250918,0
3518,4,0,0.2783133108317908,0
3519,5,0,0.06774377358104568,0
3520,2,0,0.06487790863011238,0
3521,4,0,0.1727854684062678,0
3522,3,0,0.026682074786629036,0
3523,2,0,0.6009305690097536,1
3524,5,0,0.10730635346527695,0
3525,2,1,0.6744998149790871,1
3526,3,1,0.5710060077757907,1
3527,3,0,0.36775239083374445,0
3528,1,0,0.01697251674309462,0
3529,3,1,0.49100096762061207,0
3530,1,1,0.4179433359408841,0
3531,4,0,0.19597976079732538,0
3532,5,0,0.012339264269226269,0
3533,3,0,0.143816072250738,0
3534,4,1,0.813534819526447,1
3535,5,0,0.035134974052451536,0
3536,5,0,0.3552514524928333,0
3537,4,0,0.02671964738599494,0
3538,5,1,0.3163972187339084,0
3539,2,1,0.24400659516949857,0
3540,5,0,0.08412327145229095,0
3541,1,0,0.08741191653752996,0
3542,1,0,0.09395530771013054,0
3543,3,1,0.6353472145276838,1
3544,1,1,0.8038534349677973,1
3545,1,1,0.5724870063510339,1
3546,2,1,0.8159767202587376,1
3547,4,0,0.08242578039364352,0
3548,1,0,0.06475202635067505,0
3549,2,0,0.009513197930206637,0
3550,4,0,0.04497657413569643,0
3551,5,0,0.2029745578956223,0
3552,4,0,0.06754207466421376,0
3553,3,0,0.6427853613329658,1
3554,5,0,0.2799436310718842,0
3555,1,0,0.036169667955134634,0
3556,4,1,0.24387849807483122,0
3557,1,0,0.1865220179736679,0
3558,3,1,0.40930477034061824,0
3559,4,0,0.17052743406820645,0
3560,4,0,0.027225293636056608,0
3561,1,0,0.27777731667624844,0
3562,1,1,0.4139311718433987,0
3563,2,0,0.04904178917085986,0
3564,4,1,0.6357311071320897,1
3565,3,0,0.020060125885349937,0
3566,3,1,0.39847307766218476,0
3567,2,1,0.6278912299796443,1
3568,4,1,0.8253501115547897,1
3569,5,0,0.07852001762190644,0
3570,2,0,0.08855884519075158,0
3571,1,0,0.02145201259534058,0
3572,5,1,0.396338827604693,0
3573,5,1,0.3307405826837477,0
3574,3,0,0.008024577496099326,0
3575,1,0,0.09530718646630267,0
3576,3,0,0.6830481661337768,1
3577,4,0,0.48356406789893697,0
3578,5,1,0.16917752734333985,0
3579,3,0,0.047136862618759226,0
3580,1,0,0.012022351912809301,0
3581,1,0,0.28736213918518305,0
3582,1,0,0.028632136868193273,0
3583,4,0,0.061676561973200456,0
3584,5,0,0.20582516254846892,0
3585,4,0,0.4597017510367423,0
3586,2,0,0.04527301228772047,0
3587,1,0,0.01614740334625094,0
3588,2,0,0.394056233932752,0
3589,3,0,0.5521735989606834,1
3590,4,0,0.07582880136912448,0
3591,4,0,0.03326518184821575,0
3592,2,0,0.06088109418074497,0
3593,3,0,0.025923963460793276,0
3594,3,1,0.47084416650332456,0
3595,5,1,0.6586789205460416,1
3596,5,1,0.8114813012684633,1
3597,3,0,0.06330848034670368,0
3598,4,0,0.08562531412161492,0
3599,4,0,0.04730924184811005,0
3600,5,0,0.15178062993116642,0
3601,4,1,0.14430970560558282,0
3602,5,1,0.2752174435037953,0
3603,1,0,0.14399118473539127,0
3604,3,0,0.016817197066011202,0
3605,4,0,0.019454674454631414,0
3606,2,0,0.12258842705205658,0
3607,5,0,0.05501712459716355,0
3608,2,0,0.06753171597550188,0
3609,1,0,0.057198626993723134,0
3610,2,1,0.08784428490927984,0
3611,5,1,0.20051819015578395,0
3612,4,1,0.6848193668101645,1
3613,4,0,0.08130153959274351,0
3614,2,1,0.08792208339045801,0
3615,1,0,0.036832413586662276,0
3616,2,1,0.2657301027821351,0
3617,5,1,0.720862534091761,1
3618,4,0,0.5354486300559927,1
3619,4,1,0.17282331527327693,0
3620,1,0,0.03700789163138876,0
3621,4,1,0.44541767921432385,0
3622,5,0,0.11103042625263222,0
3623,3,1,0.42578627892055054,0
3624,3,0,0.1110168126505632,0
3625,1,0,0.31806383786730896,0
3626,2,0,0.2378700496374704,0
3627,2,0,0.08798119010876142,0
3628,5,0,0.21171790264299206,0
3629,5,0,0.10825969688632264,0
3630,3,1,0.11935925008737021,0
3631,4,1,0.889473804026318,1
3632,3,1,0.6710222634604383,1
3633,5,0,0.22510531691226246,0
3634,2,0,0.025694548876800227,0
3635,5,0,0.0918212009981654,0
3636,4,1,0.7836077145483428,1
3637,2,0,0.03808194712367219,0
3638,5,0,0.4231325777642269,0
3639,5,1,0.7540381178945914,1
3640,5,0,0.14387662841392107,0
3641,3,0,0.13475161362920346,0
3642,4,0,0.05516249485651849,0
3643,5,0,0.5286408437731263,1
3644,5,0,0.02340074845913825,0
3645,1,1,0.4916842582911009,0
3646,1,0,0.03898971454229144,0
3647,5,0,0.06418920994320815,0
3648,1,0,0.6130045635506499,1
3649,3,0,0.06854894002753707,0
3650,4,0,0.2687270608673995,0
3651,1,0,0.1976832158830201,0
3652,1,0,0.4129514899097233,0
3653,2,0,0.040421628059224966,0
3654,2,1,0.22036680879147397,0
3655,4,1,0.3029799180659294,0
3656,5,0,0.07153038629966676,0
3657,4,1,0.612051885929994,1
3658,2,0,0.027898497113623695,0
3659,5,0,0.1550027044172387,0
3660,3,1,0.7512250407853939,1
3661,5,0,0.059856314363151523,0
3662,1,0,0.340243229757339,0
3663,2,1,0.4586629420228427,0
3664,1,0,0.07057734563660437,0
3665,3,0,0.35427321958293134,0
3666,3,0,0.049386966622388055,0
3667,1,1,0.6933379614402903,1
3668,2,0,0.11563167452095828,0
3669,1,0,0.013288937060538016,0
3670,2,0,0.7329300496744989,1
3671,4,1,0.7551218694146968,1
3672,4,0,0.6056419758090057,1
3673,1,0,0.012006104796879042,0
3674,1,0,0.6707479630909555,1
3675,2,0,0.03608684825898434,0
3676,1,0,0.4797630711828498,0
3677,4,0,0.039969263468803404,0
3678,2,0,0.6820922357326572,1
3679,2,0,0.07716612021499131,0
3680,5,0,0.20319023638621483,0
3681,2,0,0.04672419771976516,0
3682,4,0,0.41142066204197497,0
3683,1,0,0.013467452723512855,0
3684,3,0,0.7271377579998913,1
3685,4,0,0.033939586255439906,0
3686,5,0,0.048408158340111716,0
3687,3,0,0.045229011439419486,0
3688,3,0,0.13690481561059317,0
3689,1,0,0.13629200630149782,0
3690,2,0,0.3633950089943399,0
3691,2,0,0.23719128738737494,0
3692,5,0,0.02121998531866368,0
3693,3,1,0.3168126416026332,0
3694,4,0,0.13876320820040844,0
3695,1,1,0.3132649095769235,0
3696,5,1,0.16179347235916697,0
3697,1,1,0.4858188764860144,0
3698,3,0,0.7846564123088721,1
3699,3,0,0.20194266243518702,0
3700,4,0,0.3162463132000358,0
3701,2,1,0.15697470283536338,0
3702,2,0,0.028380770470100455,0
3703,1,0,0.2255525057604087,0
3704,2,1,0.31169046678254303,0
3705,1,0,0.1208258502244493,0
3706,5,1,0.2857399147220026,0
3707,1,0,0.1780828866347414,0
3708,5,1,0.2128473417224253,0
3709,3,0,0.05041318794015335,0
3710,5,0,0.009887822717551707,0
3711,5,1,0.4512810889315262,0
3712,1,1,0.7244044795593523,1
3713,4,0,0.019089630503880854,0
3714,3,0,0.310725168924276,0
3715,3,0,0.5429645018190372,1
3716,5,0,0.17451208927551357,0
3717,5,1,0.42632865523669633,0
3718,4,1,0.8042892953443693,1
3719,2,0,0.3426511149464171,0
3720,5,0,0.14316092790036486,0
3721,5,0,0.14001727515263382,0
3722,1,1,0.49195738167497166,0
3723,2,0,0.14335175820773002,0
3724,4,0,0.2761580852392706,0
3725,1,0,0.20775776387562914,0
3726,5,0,0.024222851303451632,0
3727,1,0,0.00944595678828749,0
3728,5,1,0.2006954310516149,0
3729,5,0,0.19281950810958667,0
3730,2,1,0.7196258160138668,1
3731,1,0,0.3244334405361387,0
3732,3,0,0.05148322407113026,0
3733,4,0,0.08795930174440802,0
3734,3,0,0.11606039240931466,0
3735,1,0,0.38250647171629903,0
3736,2,0,0.5589200376631182,1
3737,4,0,0.08551996075113863,0
3738,3,0,0.21355132755941314,0
3739,2,0,0.13020388452473783,0
3740,5,0,0.22440840534235312,0
3741,4,0,0.13808039661187557,0
3742,1,0,0.012822735538899704,0
3743,3,1,0.7262418410148426,1
3744,4,0,0.03243164802947601,0
3745,2,1,0.2885488182769814,0
3746,2,0,0.530106469511798,1
3747,1,1,0.7376544475497477,1
3748,1,1,0.45722250642753814,0
3749,3,0,0.4557628377487665,0
3750,5,1,0.6533591753201919,1
3751,1,1,0.7519403108266995,1
3752,2,0,0.0467698333456407,0
3753,5,0,0.013691348102928026,0
3754,3,1,0.6549889404440659,1
3755,3,1,0.3861740501900492,0
3756,1,0,0.029755840895252465,0
3757,1,0,0.11160927105835329,0
3758,4,0,0.14248012444053462,0
3759,2,0,0.08710179198232978,0
3760,2,0,0.7695855204061562,1
3761,4,1,0.5853119658155818,1
3762,2,0,0.012877138453863008,0
3763,4,1,0.6256229241062808,1
3764,2,1,0.7228376456737006,1
3765,5,0,0.02022739896499937,0
3766,3,0,0.027993398498135775,0
3767,3,1,0.6075455674085967,1
3768,5,0,0.05535605586005274,0
3769,1,0,0.020660818490645466,0
3770,2,0,0.06655820633176698,0
3771,5,0,0.015252180021151182,0
3772,5,1,0.5952283744900445,1
3773,5,0,0.04375102546759119,0
3774,4,0,0.11018353171890778,0
3775,5,0,0.031849805041455514,0
3776,3,0,0.0963196919570735,0
3777,5,0,0.5042582593142001,1
3778,5,1,0.20978867697176015,0
3779,5,1,0.2576251806230665,0
3780,2,0,0.08418095263445902,0
3781,1,1,0.18757718658685496,0
3782,3,0,0.39539265672179624,0
3783,1,0,0.00877134498959007,0
3784,5,0,0.017780622402422133,0
3785,4,0,0.43504779416219275,0
3786,5,0,0.01855137109497308,0
3787,4,0,0.2862548998830117,0
3788,2,0,0.04402222392804812,0
3789,1,1,0.5954363298592579,1
3790,5,0,0.18977330870978243,0
3791,2,0,0.23545288474589673,0
3792,4,0,0.6811726547258928,1
3793,3,0,0.5049344716151805,1
3794,4,1,0.31812924166482154,0
3795,5,0,0.4094468767197328,0
3796,5,0,0.02984894459131552,0
3797,1,0,0.0352475848669273,0
3798,5,0,0.1517842518797203,0
3799,1,1,0.606639575215488,1
3800,5,0,0.10511381694376377,0
3801,4,0,0.14613598139549683,0
3802,3,0,0.6537068433208492,1
3803,4,0,0.2522791061566252,0
3804,2,0,0.011281108473349412,0
3805,5,0,0.17399649340532963,0
3806,3,0,0.11971311302747593,0
3807,4,1,0.6063757650723386,1
3808,5,0,0.03771440937377879,0
3809,3,1,0.6292360506588808,1
3810,2,0,0.012525911452254004,0
3811,4,0,0.01958823068023042,0
3812,4,1,0.0989429718520569,0
3813,3,0,0.5450195058564233,1
3814,2,0,0.183686787173684,0
3815,3,0,0.31998796939729907,0
3816,1,0,0.016803383304569746,0
3817,3,0,0.02713474558071317,0
3818,1,1,0.6397767260627919,1
3819,4,1,0.14338214883230468,0
3820,5,0,0.10214520813327656,0
3821,3,0,0.3174559540414771,0
3822,2,0,0.04251418732185271,0
3823,4,0,0.5780199239144925,1
3824,2,1,0.08311123951835572,0
3825,3,0,0.18254944581230192,0
3826,2,0,0.0900222060373028,0
3827,4,0,0.04888536099294164,0
3828,2,0,0.07483827918151661,0
3829,3,0,0.08222006353242105,0
3830,4,0,0.22779404319388621,0
3831,1,0,0.27113346519505144,0
3832,4,0,0.21490755382528262,0
3833,2,0,0.01609541624920132,0
3834,1,0,0.2527499132486674,0
3835,4,0,0.33871692327874847,0
3836,4,1,0.32879204631489706,0
3837,1,0,0.33654171141468253,0
3838,2,0,0.05474490497654018,0
3839,2,0,0.14560053004018048,0
3840,3,0,0.02195020066390023,0
3841,5,0,0.6468144754364613,1
3842,3,0,0.6004926144032109,1
3843,1,0,0.15182458166283697,0
3844,3,0,0.29721558078925125,0
3845,1,0,0.22503761210252451,0
3846,5,1,0.4109612787687414,0
3847,4,0,0.6738051802056292,1
3848,5,0,0.4767015925883993,0
3849,1,0,0.6014815133199983,1
3850,5,0,0.3732200132604009,0
3851,2,1,0.8527403414161393,1
3852,4,1,0.5387708357835149,1
3853,5,0,0.0702503437535409,0
3854,1,0,0.021989769256527097,0
3855,5,0,0.19482215827592936,0
3856,3,0,0.09776713639008502,0
3857,5,1,0.2845505262005547,0
3858,2,1,0.8355950750581495,1
3859,3,0,0.02454667295923624,0
3860,1,0,0.1212842059810945,0
3861,1,1,0.5214061912322522,1
3862,5,0,0.04220464943868799,0
3863,4,0,0.09838973472166178,0
3864,5,1,0.46564151806445486,0
3865,4,0,0.06571808698955363,0
3866,1,0,0.07015469427103307,0
3867,1,0,0.13360375447289238,0
3868,3,0,0.3939453796724222,0
3869,4,1,0.6000993612417198,1
3870,4,1,0.097902755250469,0
3871,4,0,0.028016293633554512,0
3872,5,0,0.19565406676997696,0
3873,3,0,0.03602668789492523,0
3874,4,1,0.6229465648441678,1
3875,3,0,0.27977518590778727,0
3876,4,0,0.61757164307121,1
3877,2,1,0.8186527948176755,1
3878,5,1,0.5348690759513207,1
3879,1,1,0.5266161367706914,1
3880,5,0,0.15735939325464443,0
3881,3,0,0.029966905570164452,0
3882,5,0,0.011456661310162035,0
3883,3,0,0.23784922178954554,0
3884,3,0,0.016023840538057936,0
3885,1,0,0.22573437905223773,0
3886,3,0,0.15015852520543196,0
3887,4,0,0.6171006053740421,1
3888,4,1,0.4225354853230933,0
3889,1,1,0.07793645901257139,0
3890,3,0,0.12374118287114828,0
3891,2,0,0.04027722785785633,0
3892,5,0,0.01742232885809776,0
3893,5,1,0.16895051939282743,0
3894,2,0,0.2432612052153739,0
3895,4,1,0.7210206965565408,1
3896,2,0,0.13704908624542125,0
3897,4,0,0.14384252724209368,0
3898,5,1,0.5854650993162088,1
3899,3,0,0.01902390572890353,0
3900,1,0,0.11375700861960476,0
3901,2,0,0.04901618717510828,0
3902,4,0,0.26211482593547,0
3903,1,0,0.013644107801102352,0
3904,3,0,0.02735345604145325,0
3905,4,0,0.023033805191539646,0
3906,3,0,0.08966914265439897,0
3907,4,1,0.41860281974967223,0
3908,5,0,0.05339441943838396,0
3909,2,0,0.3276739571512764,0
3910,1,1,0.19598016090144763,0
3911,4,0,0.06359046064553484,0
3912,4,1,0.4557991557730455,0
3913,3,1,0.340911619588206,0
3914,4,1,0.14078663580751516,0
3915,2,0,0.029911702415263704,0
3916,3,0,0.5005838749956172,1
3917,4,0,0.830355681292221,1
3918,3,0,0.45557833978537915,0
3919,5,0,0.03424998888758425,0
3920,3,0,0.1121621391694449,0
3921,3,0,0.12661588762510018,0
3922,1,0,0.6276667618510641,1
3923,3,0,0.1604150271360616,0
3924,5,0,0.0121314218851115,0
3925,2,0,0.0771970534991173,0
3926,4,0,0.1867021010993829,0
3927,4,0,0.10629728534066044,0
3928,2,1,0.6406289842958668,1
3929,5,0,0.019382405467646212,0
3930,3,0,0.02343206120386291,0
3931,5,0,0.04149588860723462,0
3932,5,1,0.40636347979586585,0
3933,2,0,0.025351659426206513,0
3934,3,0,0.17989666298579715,0
3935,3,0,0.03311387218357168,0
3936,4,0,0.1695204076557257,0
3937,2,1,0.6466616729453485,1
3938,1,1,0.7570187522848238,1
3939,3,1,0.6621660041603914,1
3940,1,0,0.025609320147804718,0
3941,2,0,0.13076571210743204,0
3942,4,1,0.5504438738869074,1
3943,5,0,0.0404669548500188,0
3944,5,1,0.2097157929301064,0
3945,5,0,0.068579748361133,0
3946,5,0,0.03628786840685613,0
3947,3,0,0.05464917552452372,0
3948,5,0,0.10703038844118082,0
3949,3,0,0.0988945683082243,0
3950,3,1,0.535102722140069,1
3951,4,1,0.5963969364490209,1
3952,5,0,0.057159859076784766,0
3953,1,0,0.012186325896220563,0
3954,5,0,0.6439384966385189,1
3955,4,1,0.5250166031009516,1
3956,3,1,0.29762428403761104,0
3957,1,0,0.1991905357613652,0
3958,4,0,0.7784238224037017,1
3959,3,0,0.02302429727684171,0
3960,1,0,0.13353021933784998,0
3961,2,0,0.0925804567735623,0
3962,4,0,0.17044534948470969,0
3963,3,0,0.08087503105767459,0
3964,5,0,0.0373317490912653,0
3965,3,1,0.4771219635551466,0
3966,4,0,0.3102882329364773,0
3967,5,0,0.1473272252582873,0
3968,2,1,0.6124261164802048,1
3969,2,1,0.7601868698264957,1
3970,2,1,0.077265455576384,0
3971,2,0,0.029520906125359944,0
3972,2,1,0.88199241960928,1
3973,3,1,0.5883477924142363,1
3974,3,1,0.6850954961891002,1
3975,3,0,0.35681498339366313,0
3976,2,0,0.6612097138029515,1
3977,4,0,0.18139348521123377,0
3978,2,1,0.3940644264269968,0
3979,5,1,0.6088074635427096,1
3980,5,0,0.03270010846843523,0
3981,5,0,0.4108801136896871,0
3982,5,1,0.5409737928245928,1
3983,4,0,0.032027315973146155,0
3984,5,1,0.5798106500666214,1
3985,1,0,0.026407573066010145,0
3986,3,0,0.06893614271305257,0
3987,1,0,0.1467879359317327,0
3988,4,0,0.03378416977322313,0
3989,5,0,0.008384714462808827,0
3990,3,0,0.42458272711233325,0
3991,2,0,0.41392145792737595,0
3992,2,0,0.3722683809089125,0
3993,5,1,0.6312704173796373,1
3994,5,0,0.22497411332403602,0
3995,5,1,0.7481188058448286,1
3996,1,1,0.6472838684727468,1
3997,2,1,0.39519882470996287,0
3998,1,1,0.4698238737830789,0
3999,3,0,0.04880354933487609,0
4000,4,0,0.054703071235290786,0
4001,5,0,0.03697742928108194,0
4002,4,0,0.049512683731618795,0
4003,3,0,0.5947016661513789,1
4004,1,1,0.5801903429248491,1
4005,5,0,0.016799861718477815,0
4006,3,1,0.02860582915545106,0
4007,2,0,0.2953840220690429,0
4008,1,0,0.02360630754110867,0
4009,2,0,0.5037871265652445,1
4010,5,0,0.03472780216298922,0
4011,3,0,0.021135125893302627,0
4012,3,0,0.04951694343003244,0
4013,5,1,0.6284232349659675,1
4014,5,1,0.2062189138756983,0
4015,3,0,0.18284427048081145,0
4016,3,0,0.5276036231649177,1
4017,4,1,0.27632059589464797,0
4018,1,0,0.16256888893286017,0
4019,2,1,0.14811427076499065,0
4020,4,0,0.29722336404443933,0
4021,3,0,0.16063955050859122,0
4022,5,1,0.7904664709210091,1
4023,1,0,0.481234337546779,0
4024,2,0,0.650029968557144,1
4025,3,0,0.010863011243281812,0
4026,3,0,0.032173783221736606,0
4027,4,0,0.03215388242155867,0
4028,1,0,0.012836135939141452,0
4029,3,0,0.3155451934112012,0
4030,4,1,0.021579845581285544,0
4031,3,0,0.0288904240509532,0
4032,2,0,0.04815052588225898,0
4033,1,0,0.23134571363055795,0
4034,1,0,0.18308705919802737,0
4035,3,0,0.07119916776005748,0
4036,4,0,0.555631251809101,1
4037,1,0,0.31258678492201386,0
4038,3,0,0.3919690776972944,0
4039,1,0,0.022972831133206174,0
4040,4,1,0.43734312148663784,0
4041,1,1,0.13528930803599917,0
4042,1,0,0.7296315700083865,1
4043,1,0,0.015263896332127885,0
4044,1,0,0.1858566194881514,0
4045,5,0,0.033571991800655315,0
4046,4,0,0.03124948508193388,0
4047,5,0,0.09257605111499384,0
4048,2,0,0.07495683915933013,0
4049,3,0,0.1258961219656082,0
4050,5,0,0.023432809332140633,0
4051,5,0,0.14195278010977366,0
4052,2,0,0.22344944916372916,0
4053,5,0,0.2704186922765191,0
4054,3,1,0.8649355717312741,1
4055,5,1,0.014091858996524655,0
4056,1,1,0.24952711674783928,0
4057,4,0,0.03149197483438578,0
4058,2,0,0.09924324684823586,0
4059,1,0,0.1669281575493767,0
4060,2,0,0.04666907831355003,0
4061,3,1,0.3242910032397515,0
4062,3,1,0.11487861244103649,0
4063,4,0,0.028910230040249788,0
4064,2,1,0.7989030513008888,1
4065,3,1,0.2572721855945976,0
4066,2,1,0.8579340831024962,1
4067,2,0,0.6354488392015261,1
4068,3,0,0.13914474992956485,0
4069,4,0,0.019610713366933173,0
4070,2,0,0.409051360733115,0
4071,2,1,0.4495851119165289,0
4072,4,0,0.08975908018023121,0
4073,1,0,0.050511687921673494,0
4074,1,0,0.38675538927336056,0
4075,3,0,0.00833446119055909,0
4076,5,1,0.5951901837989252,1
4077,1,0,0.5171865126711788,1
4078,1,0,0.5230760923914964,1
4079,3,0,0.2751337434766234,0
4080,1,0,0.01260848956390853,0
4081,1,1,0.7858976915460626,1
4082,1,0,0.3489937231854628,0
4083,2,0,0.2457360975161924,0
4084,5,1,0.5273476716213525,1
4085,2,0,0.029098723526469947,0
4086,4,0,0.01784431118065287,0
4087,1,0,0.06111510177666762,0
4088,2,0,0.07608901193052156,0
4089,4,0,0.37557637424569196,0
4090,1,1,0.32793409935178985,0
4091,3,1,0.7565531451425266,1
4092,2,1,0.0869697531174973,0
4093,1,0,0.027717922605787034,0
4094,4,0,0.10535078011681548,0
4095,4,0,0.0632771256381575,0
4096,2,0,0.0431749906066045,0
4097,5,1,0.8083069257096415,1
4098,5,1,0.5204955871988384,1
4099,4,0,0.7523221884137503,1
4100,5,0,0.4702146505829563,0
4101,5,0,0.20073376200962006,0
4102,1,1,0.6908976263312837,1
4103,4,0,0.39544235782618664,0
4104,4,0,0.03656732989286058,0
4105,5,1,0.6876642904725574,1
4106,4,1,0.4884892034727558,0
4107,3,1,0.1842481574126491,0
4108,4,0,0.07088142956519049,0
4109,2,1,0.7272200903184065,1
4110,3,1,0.15724332236478394,0
4111,2,0,0.41421171155143327,0
4112,2,0,0.04078585519037027,0
4113,5,0,0.025948325479940325,0
4114,4,1,0.6825281633863908,1
4115,3,0,0.5603004616095717,1
4116,2,1,0.6121636319007059,1
4117,4,0,0.0703279592953329,0
4118,1,1,0.7403956652160136,1
4119,4,0,0.06649591989209698,0
4120,5,0,0.2562415092724598,0
4121,3,0,0.6356092820872151,1
4122,4,0,0.6307718808971697,1
4123,1,1,0.11109134468600804,0
4124,3,0,0.10824934126130607,0
4125,3,0,0.3294064674502898,0
4126,4,1,0.6419354600584164,1
4127,3,0,0.5232986100842687,1
4128,5,1,0.3070033389178532,0
4129,2,0,0.21853916346482918,0
4130,3,1,0.8364329479352653,1
4131,4,0,0.020669011765723208,0
4132,2,0,0.5813417085250471,1
4133,5,0,0.045201081125412414,0
4134,5,1,0.5698641289820563,1
4135,3,0,0.025493152294242545,0
4136,4,0,0.14649978101953826,0
4137,4,0,0.039791224881827625,0
4138,1,0,0.012392094024151583,0
4139,4,0,0.05917795486303017,0
4140,4,1,0.2400750271472067,0
4141,2,0,0.11806636529630289,0
4142,5,1,0.38959292900639475,0
4143,1,0,0.020951394673329824,0
4144,1,1,0.5190868988204015,1
4145,3,0,0.6739775352786068,1
4146,4,0,0.17757754652502497,0
4147,2,0,0.02937160815573024,0
4148,4,1,0.23749604450671274,0
4149,4,1,0.7436273196348553,1
4150,5,0,0.12873998661223585,0
4151,1,0,0.07219553850184597,0
4152,1,0,0.42215496332176394,0
4153,4,1,0.4714541135956684,0
4154,5,0,0.10580253485775513,0
4155,3,1,0.7512293849529863,1
4156,3,0,0.049749657732921844,0
4157,3,0,0.18887464448920585,0
4158,1,0,0.14760877605142458,0
4159,4,0,0.41448182571308645,0
4160,1,0,0.19983597326992592,0
4161,3,0,0.013830175796099006,0
4162,2,0,0.05562710273850086,0
4163,5,0,0.2363510952390916,0
4164,3,0,0.020049797144567606,0
4165,5,0,0.025535467196046137,0
4166,4,0,0.1282274846486951,0
4167,3,0,0.34083216752201495,0
4168,1,0,0.02927255827191127,0
4169,2,0,0.054706475596790975,0
4170,5,0,0.3246479253986458,0
4171,4,0,0.032129009869876934,0
4172,5,0,0.7541268881581065,1
4173,4,0,0.1348811348860502,0
4174,5,0,0.022509255144838754,0
4175,3,0,0.05038832819545322,0
4176,3,0,0.052143361251847285,0
4177,5,0,0.017524826184186604,0
4178,2,0,0.5369826393246948,1
4179,2,0,0.05285268083758337,0
4180,4,1,0.583159270778595,1
4181,2,0,0.17082701763923974,0
4182,2,0,0.14715012759763968,0
4183,2,0,0.2440605578881427,0
4184,2,0,0.02559654212672504,0
4185,4,0,0.17296368538769297,0
4186,5,0,0.023429466919254967,0
4187,1,1,0.2659294682977988,0
4188,4,0,0.05901334886130876,0
4189,1,0,0.7829854626498075,1
4190,3,1,0.7601360910719093,1
4191,3,1,0.7591899651547064,1
4192,1,1,0.6208226752440055,1
4193,1,1,0.573199659352977,1
4194,3,1,0.7079681826528658,1
4195,2,1,0.2322098385907675,0
4196,3,0,0.5014916427382892,1
4197,1,0,0.1769918623340988,0
4198,1,0,0.2812603475703392,0
4199,1,0,0.6820657105688517,1
4200,1,1,0.73019123904443,1
4201,1,1,0.5228728735901823,1
4202,1,0,0.022848979657979055,0
4203,5,1,0.535204561600097,1
4204,5,1,0.1602030515769959,0
4205,3,1,0.6072358063680496,1
4206,1,0,0.15618016600309034,0
4207,1,0,0.6072329168730046,1
4208,1,0,0.19111465044265782,0
4209,4,0,0.03037362364183773,0
4210,5,0,0.17572823795600495,0
4211,2,0,0.010402509501915855,0
4212,5,0,0.17560799702883023,0
4213,1,0,0.09572646606846405,0
4214,3,0,0.28540774621419485,0
4215,1,1,0.5262611596256628,1
4216,2,1,0.10202454076632256,0
4217,2,0,0.052354258530985805,0
4218,4,0,0.31682335238270115,0
4219,2,0,0.1251336517857994,0
4220,1,0,0.016802883924269135,0
4221,1,0,0.023171521226256483,0
4222,4,0,0.0786383384048318,0
4223,1,0,0.3220195229726711,0
4224,2,1,0.3571726314320489,0
4225,3,0,0.032392782662159496,0
4226,2,0,0.46132892693333394,0
4227,3,0,0.17658808134719234,0
4228,3,0,0.5373777337731717,1
4229,3,1,0.7209910452239454,1
4230,2,0,0.012128057434484276,0
4231,5,0,0.1529253724574017,0
4232,3,0,0.4494076375218648,0
4233,4,0,0.18448468098362775,0
4234,3,1,0.1332374190694516,0
4235,3,0,0.1673821674082323,0
4236,2,1,0.5756351597283279,1
4237,3,1,0.16017472903955104,0
4238,2,1,0.737515633129724,1
4239,3,0,0.2832354245348799,0
4240,3,1,0.18535230588445276,0
4241,2,0,0.04030816798006862,0
4242,3,1,0.4739818424575006,0
4243,3,0,0.2539595110465061,0
4244,1,1,0.7842475070536317,1
4245,4,0,0.2641410297172618,0
4246,5,1,0.6636824499624435,1
4247,5,0,0.3301883013716125,0
4248,5,1,0.17026326808952,0
4249,1,0,0.03196667003811445,0
4250,3,0,0.08228815167688058,0
4251,5,1,0.4406657181685566,0
4252,4,0,0.10903067027196074,0
4253,3,1,0.23922047170133065,0
4254,4,0,0.01608535248009581,0
4255,2,1,0.7195058828390655,1
4256,2,0,0.16306462300816738,0
4257,4,0,0.6118459451165594,1
4258,5,0,0.013044880742978611,0
4259,1,0,0.0382383176889787,0
4260,2,0,0.020051293464940972,0
4261,4,0,0.07379425608468021,0
4262,5,0,0.02269423474430626,0
4263,1,0,0.3990986827987065,0
4264,5,0,0.02991550952974064,0
4265,1,0,0.06413061579962998,0
4266,2,1,0.6981070226520484,1
4267,1,0,0.020868165258885078,0
4268,1,0,0.16704435040407845,0
4269,3,0,0.3503158018322092,0
4270,1,0,0.4953216029870364,0
4271,3,1,0.40692411083514723,0
4272,3,0,0.6098370769457288,1
4273,5,0,0.012851664272829567,0
4274,1,0,0.35719078716929337,0
4275,2,0,0.050073095422576555,0
4276,3,0,0.13520891184996386,0
4277,3,1,0.7253892967118217,1
4278,3,0,0.11113933226223023,0
4279,4,0,0.18297182572457713,0
4280,4,0,0.02366054464286699,0
4281,1,0,0.43009971393355867,0
4282,3,0,0.5430644516675718,1
4283,5,0,0.014560548115136117,0
4284,1,0,0.030752721155081215,0
4285,3,0,0.5231614747758211,1
4286,1,0,0.18227947867170774,0
4287,2,0,0.44726980192401394,0
4288,3,0,0.3484718403156822,0
4289,4,0,0.26026315073893463,0
4290,1,0,0.013063034642598597,0
4291,4,0,0.24054734318226204,0
4292,3,0,0.057628776934287786,0
4293,4,0,0.22027543822819404,0
4294,4,0,0.1624334850858204,0
4295,5,1,0.7970315330939094,1
4296,3,0,0.7233287308290919,1
4297,1,0,0.07767237158509784,0
4298,3,1,0.5392983963045133,1
4299,4,0,0.03691187865495812,0
4300,3,1,0.11109920367533786,0
4301,1,0,0.01900962474145238,0
4302,3,0,0.2055533331085376,0
4303,3,0,0.2612061544270404,0
4304,1,0,0.0234363883311114,0
4305,1,0,0.08235613172862515,0
4306,2,0,0.04675680314938073,0
4307,4,0,0.012900923762477054,0
4308,5,1,0.35589300723851847,0
4309,4,0,0.03726829792835504,0
4310,1,0,0.07570030130368957,0
4311,1,0,0.15819596196802396,0
4312,2,0,0.04047443194594548,0
4313,5,1,0.6885449044280061,1
4314,3,0,0.18094842703520414,0
4315,1,0,0.07033820576841314,0
4316,3,0,0.15644518595110937,0
4317,4,0,0.243906248717987,0
4318,2,1,0.23949505516761557,0
4319,2,0,0.05438015764421146,0
4320,4,0,0.08228788731131995,0
4321,3,0,0.0611297021553997,0
4322,2,0,0.0584630645952848,0
4323,4,0,0.35738299970010157,0
4324,4,0,0.1716461138226705,0
4325,5,0,0.6098091228488657,1
4326,3,0,0.04932818006203198,0
4327,1,0,0.0659272224026529,0
4328,2,1,0.24287580314954646,0
4329,1,1,0.41553199480173414,0
4330,3,0,0.20948952205490673,0
4331,1,0,0.03120595901891752,0
4332,4,0,0.31526364446111665,0
4333,4,0,0.6704766288569302,1
4334,4,0,0.6269257087297913,1
4335,5,0,0.05314367673419678,0
4336,5,0,0.03716360906639432,0
4337,3,0,0.01624057760762744,0
4338,3,0,0.3786490565568058,0
4339,3,1,0.4131010450914117,0
4340,1,0,0.0655421959126548,0
4341,4,0,0.03993729828668545,0
4342,1,0,0.07370773158139486,0
4343,5,1,0.2618342063689005,0
4344,1,0,0.0315697619168557,0
4345,5,0,0.07297675830517288,0
4346,3,0,0.03123126720287404,0
4347,5,1,0.6446476562544057,1
4348,1,0,0.4068402260674551,0
4349,5,1,0.19127457297020098,0
4350,4,1,0.45119676792917474,0
4351,1,0,0.1269279893180586,0
4352,3,0,0.42254585907074776,0
4353,1,0,0.22596640390642234,0
4354,1,0,0.011416405560495963,0
4355,1,0,0.7258124266235998,1
4356,3,0,0.07870053480483083,0
4357,2,0,0.010602970274945557,0
4358,4,0,0.12335247976271566,0
4359,3,0,0.16395138753053645,0
4360,1,1,0.13899996990110178,0
4361,3,0,0.1921390879291046,0
4362,5,0,0.1997263276357249,0
4363,5,0,0.07541914330825501,0
4364,1,1,0.623525940382866,1
4365,5,0,0.11063118663159112,0
4366,1,0,0.01747507613171111,0
4367,2,0,0.1332152646803888,0
4368,1,1,0.20350080643832597,0
4369,1,0,0.08240417722880695,0
4370,5,1,0.3203070785430606,0
4371,5,0,0.07900065924352573,0
4372,5,0,0.05212517092389641,0
4373,3,0,0.6449735196022355,1
4374,3,0,0.24633001360493223,0
4375,4,1,0.609520516664783,1
4376,5,0,0.012573632577808419,0
4377,4,0,0.17196495084414368,0
4378,1,1,0.3093960480662105,0
4379,4,0,0.13291648286902014,0
4380,2,0,0.7445151708156795,1
4381,1,0,0.24530340707161377,0
4382,1,1,0.04074970535492288,0
4383,5,0,0.020128621709923578,0
4384,4,0,0.07424002976782769,0
4385,4,0,0.1505890855213544,0
4386,4,0,0.1726610886705209,0
4387,2,0,0.08684589598973466,0
4388,3,1,0.270806870075456,0
4389,4,0,0.051666761845148894,0
4390,3,0,0.5700454122571214,1
4391,4,1,0.1273876793319509,0
4392,3,0,0.34229786711883,0
4393,5,1,0.1675111775647814,0
4394,4,0,0.6281321414295623,1
4395,3,0,0.06275450172805266,0
4396,1,0,0.02586826991815291,0
4397,1,0,0.2164365427263019,0
4398,5,0,0.013685873884811024,0
4399,1,0,0.05165857921760821,0
4400,5,1,0.4179165189664049,0
4401,1,0,0.5877075122781646,1
4402,1,1,0.27415505219121933,0
4403,5,0,0.3256424380234197,0
4404,5,0,0.012484689067032423,0
4405,3,0,0.01531164085966753,0
4406,2,0,0.057548208352568284,0
4407,5,0,0.07187199257267297,0
4408,3,1,0.7122751690672278,1
4409,1,0,0.03501625661656956,0
4410,5,1,0.40768392379436236,0
4411,5,0,0.16717491500123438,0
4412,4,0,0.4768087507328744,0
4413,2,0,0.1330755817778615,0
4414,1,0,0.012736159596407125,0
4415,2,0,0.10260141968605828,0
4416,5,0,0.6537702123822817,1
4417,1,1,0.23542677725311995,0
4418,5,1,0.7930835979614471,1
4419,5,0,0.22458902897343172,0
4420,2,0,0.6651436295850893,1
4421,1,0,0.22148694016103704,0
4422,3,0,0.31014516649322227,0
4423,1,1,0.5085540300696467,1
4424,4,0,0.07193690759864572,0
4425,1,0,0.013982430824283562,0
4426,3,0,0.05746320319461595,0
4427,5,0,0.02111699591055238,0
4428,4,0,0.2252463100518466,0
4429,4,1,0.5636003757572113,1
4430,5,0,0.10660060809239669,0
4431,5,0,0.6043704132614891,1
4432,5,0,0.011430637215925887,0
4433,2,1,0.6207650923169945,1
4434,4,0,0.46143940874336253,0
4435,1,0,0.3636705542258393,0
4436,4,0,0.09481799919632983,0
4437,3,0,0.20374502579100398,0
4438,3,0,0.01512000248842043,0
4439,5,1,0.5619755383577271,1
4440,1,0,0.14435272881419436,0
4441,1,0,0.04672175400368754,0
4442,4,0,0.09191518202228466,0
4443,2,0,0.5288843944415628,1
4444,1,0,0.16019586400400918,0
4445,2,0,0.2322131525086046,0
4446,4,0,0.1728890098612864,0
4447,2,0,0.04616032480072791,0
4448,5,0,0.11314559381548073,0
4449,4,0,0.06340047064285555,0
4450,4,0,0.13815793442107743,0
4451,3,0,0.056945816988234386,0
4452,3,1,0.04495135708145091,0
4453,5,0,0.04533247142754443,0
4454,4,1,0.7716476585269504,1
4455,2,0,0.027474890926393224,0
4456,4,0,0.6453214008274634,1
4457,4,0,0.25679718291351805,0
4458,4,0,0.21905990681802093,0
4459,3,0,0.5906334239216628,1
4460,1,0,0.08629294546206032,0
4461,1,0,0.04891117963484129,0
4462,5,1,0.5950872444816336,1
4463,2,0,0.06850237334186336,0
4464,4,0,0.07246110159112804,0
4465,1,0,0.6423204791934274,1
4466,4,0,0.0259906284077616,0
4467,2,1,0.7132091512056936,1
4468,3,1,0.5646009460465568,1
4469,5,1,0.2136991189333699,0
4470,4,1,0.11882963424959142,0
4471,4,0,0.3729861561231176,0
4472,5,0,0.22572200457055905,0
4473,3,1,0.09809440696188186,0
4474,4,0,0.01505926290028783,0
4475,1,1,0.26527677424036133,0
4476,2,0,0.1148351026831482,0
4477,2,0,0.056875702602205466,0
4478,2,0,0.05552023386532248,0
4479,2,1,0.14956193027183454,0
4480,1,0,0.06030829131528468,0
4481,1,0,0.17948336784621674,0
4482,4,0,0.5071524641284599,1
4483,1,0,0.2572869566597487,0
4484,3,1,0.37181909881026837,0
4485,2,0,0.011085498552861459,0
4486,4,0,0.1171991405955758,0
4487,4,0,0.15849281955168057,0
4488,3,1,0.1602933669477407,0
4489,4,1,0.7461517121129089,1
4490,2,0,0.1504968266169573,0
4491,2,0,0.10393368007846007,0
4492,4,0,0.06809356816349388,0
4493,1,1,0.5816526756994714,1
4494,1,0,0.46388972113197185,0
4495,5,1,0.7364647975757198,1
4496,5,0,0.3286523418510282,0
4497,2,0,0.05038332157102351,0
4498,5,0,0.05174505627693691,0
4499,4,1,0.10256869217470554,0
4500,2,0,0.030864004081418015,0
4501,2,0,0.04207161980260405,0
4502,3,0,0.017469239361221873,0
4503,2,0,0.30916982495568374,0
4504,5,0,0.11636260543657136,0
4505,2,0,0.15331981494392358,0
4506,3,0,0.01641962373243341,0
4507,2,0,0.01510258500679964,0
4508,5,0,0.014211356138218131,0
4509,5,0,0.049762142641970125,0
4510,4,0,0.06490394996363079,0
4511,4,0,0.03931101959000441,0
4512,1,0,0.11287807241754737,0
4513,2,0,0.27403530755623556,0
4514,3,1,0.4542533652869149,0
4515,1,1,0.28011852509839014,0
4516,4,1,0.5408008749665374,1
4517,1,0,0.5511605166361374,1
4518,3,0,0.1642312351582809,0
4519,1,1,0.535072344259175,1
4520,5,1,0.7165793840818938,1
4521,4,1,0.11027983318914795,0
4522,3,1,0.5540902978374609,1
4523,4,1,0.6859765071421343,1
4524,4,1,0.42456048779749284,0
4525,2,1,0.164952691209811,0
4526,3,0,0.021599684839121946,0
4527,4,0,0.057677933445495995,0
4528,5,0,0.0439240158861142,0
4529,3,0,0.08270492581877832,0
4530,1,0,0.13514965951661884,0
4531,2,0,0.45980001109482127,0
4532,2,0,0.10739355291047556,0
4533,2,0,0.013647525514620397,0
4534,1,0,0.06931416826858768,0
4535,3,1,0.7198348396971895,1
4536,2,0,0.28936169052060584,0
4537,2,0,0.035615694752770585,0
4538,1,0,0.10332125204239037,0
4539,5,0,0.4164795320673144,0
4540,3,0,0.00659184922723715,0
4541,3,0,0.4369398722200721,0
4542,3,0,0.04160764881614536,0
4543,4,0,0.31000033519206893,0
4544,3,0,0.4010338682752322,0
4545,2,0,0.15704941053836446,0
4546,1,1,0.6988344050390318,1
4547,2,0,0.017396444141598872,0
4548,2,0,0.12120954984261818,0
4549,5,0,0.1748852510804741,0
4550,4,0,0.047096731113266094,0
4551,3,0,0.07427908492050624,0
4552,5,0,0.10524786378634671,0
4553,1,1,0.1269361254227008,0
4554,5,0,0.026675480023341084,0
4555,5,0,0.056843600196897166,0
4556,1,0,0.24071142235659743,0
4557,1,0,0.07440997620742737,0
4558,4,0,0.03748057203869734,0
4559,1,0,0.40267601757456567,0
4560,5,0,0.0127191321437422,0
4561,1,0,0.19151720755170515,0
4562,1,0,0.043325580933093515,0
4563,3,0,0.07181610265766139,0
4564,2,0,0.471566705784534,0
4565,4,0,0.05153866594855023,0
4566,5,0,0.13244509986329017,0
4567,2,1,0.8770288764406946,1
4568,5,0,0.030777435156126867,0
4569,5,0,0.04212942481752947,0
4570,4,0,0.18907712051569336,0
4571,3,0,0.20730894609902956,0
4572,2,0,0.18718582183810764,0
4573,2,0,0.027849412397548318,0
4574,3,1,0.6654704715817339,1
4575,1,0,0.17409848767052608,0
4576,1,0,0.1031502918179471,0
4577,3,1,0.47279120789864204,0
4578,3,0,0.24438262253853363,0
4579,1,0,0.358960695001924,0
4580,5,0,0.09440104574142985,0
4581,5,1,0.6323660718578193,1
4582,3,0,0.31492456026913845,0
4583,2,0,0.1924449385379216,0
4584,2,0,0.44053008535600957,0
4585,3,0,0.2447723002689623,0
4586,5,0,0.22571406960068405,0
4587,5,1,0.4449861172445187,0
4588,4,0,0.14466964140841684,0
4589,5,1,0.713963623076557,1
4590,3,0,0.14855657860484053,0
4591,2,0,0.13539259319674038,0
4592,2,0,0.28877748984996043,0
4593,4,0,0.1660434976578461,0
4594,4,1,0.7565321181167162,1
4595,5,0,0.22244386155056745,0
4596,4,0,0.04972839391674892,0
4597,2,0,0.0484993175429638,0
4598,3,1,0.47313693974319004,0
4599,3,0,0.21240703110953263,0
4600,5,0,0.510408721627486,1
4601,3,0,0.16213988861625173,0
4602,4,1,0.34469024020514344,0
4603,2,0,0.16557872565937434,0
4604,3,1,0.3335476239595092,0
4605,2,0,0.017365879661701323,0
4606,4,0,0.225007941550746,0
4607,1,1,0.6582813475578122,1
4608,5,0,0.12009733462511518,0
4609,4,0,0.03378332482679405,0
4610,4,0,0.134155064316104,0
4611,4,1,0.2404449445328112,0
4612,5,1,0.4625618603177554,0
4613,4,1,0.5924847121442665,1
4614,2,0,0.05555046559056431,0
4615,4,0,0.5135743687503209,1
4616,2,1,0.3615493481195603,0
4617,1,1,0.3971711556159038,0
4618,4,0,0.03877099890007704,0
4619,4,0,0.1803198793738323,0
4620,1,0,0.020855123312098992,0
4621,2,1,0.06879575801997788,0
4622,4,0,0.3198104850490138,0
4623,5,1,0.5625621740292149,1
4624,1,0,0.17694857909026157,0
4625,1,0,0.7162409821770583,1
4626,2,0,0.1823804695251504,0
4627,5,0,0.08891801508875,0
4628,2,0,0.10900252648807614,0
4629,1,1,0.6212215758138303,1
4630,5,0,0.019036014321611398,0
4631,3,1,0.32487954234517386,0
4632,5,0,0.48428324549094937,0
4633,3,0,0.1534029008183201,0
4634,2,1,0.7459473579371799,1
4635,2,1,0.37493953023503834,0
4636,4,0,0.41172014619482544,0
4637,2,0,0.0483292481095444,0
4638,5,1,0.2406028942911963,0
4639,2,0,0.20038233346737272,0
4640,3,0,0.013773835443681546,0
4641,2,0,0.05251601206747056,0
4642,4,1,0.5729327539252644,1
4643,4,0,0.2404318348303258,0
4644,2,0,0.14923265081226753,0
4645,4,0,0.06589968695405737,0
4646,2,0,0.042114421988882905,0
4647,4,0,0.09051008733568469,0
4648,4,1,0.6344807216341924,1
4649,4,0,0.1185322125448832,0
4650,4,0,0.01461798466947207,0
4651,5,0,0.018398038121306002,0
4652,3,1,0.09733041600447527,0
4653,5,0,0.3815565287899182,0
4654,4,0,0.874942587158253,1
4655,2,1,0.8077618709238442,1
4656,2,0,0.1279230934225958,0
4657,1,0,0.03734765820802801,0
4658,5,0,0.03411802352908092,0
4659,2,0,0.17437905051674746,0
4660,4,0,0.017634268801413288,0
4661,1,0,0.05117400302018375,0
4662,5,0,0.10084347961832084,0
4663,4,0,0.06995092712802632,0
4664,1,0,0.1284757917592215,0
4665,1,0,0.12266083788038223,0
4666,2,1,0.15967450054876414,0
4667,2,1,0.40155087419162255,0
4668,5,0,0.4254008707773678,0
4669,4,0,0.12551832595296866,0
4670,1,0,0.4706802629266945,0
4671,4,1,0.665203835189648,1
4672,5,0,0.0156501298783629,0
4673,3,0,0.014763565544939284,0
4674,1,1,0.35624850630609917,0
4675,4,0,0.08451281476557507,0
4676,5,0,0.44352502123514825,0
4677,1,0,0.4092925329080525,0
4678,4,1,0.61734461010217,1
4679,2,0,0.020138970123881186,0
4680,5,0,0.012882553381895012,0
4681,3,0,0.2387464094392082,0
4682,1,0,0.037664520645162354,0
4683,3,0,0.2536501975679255,0
4684,2,0,0.0567380062374109,0
4685,3,0,0.03845755479877479,0
4686,5,1,0.5203293626919239,1
4687,2,0,0.29244917394212583,0
4688,1,1,0.555532269213629,1
4689,5,0,0.6061686788984942,1
4690,5,0,0.01601215311998246,0
4691,3,0,0.30208905416908766,0
4692,2,0,0.04453514648846521,0
4693,5,0,0.04744130029820822,0
4694,1,0,0.03965512477491676,0
4695,5,0,0.630862506858308,1
4696,4,0,0.06146769278634649,0
4697,1,1,0.017819857469922817,0
4698,5,0,0.49296311109315444,0
4699,3,0,0.014659373643276491,0
4700,5,0,0.028509658490905622,0
4701,2,0,0.5076945603079951,1
4702,2,0,0.11190362833661269,0
4703,2,0,0.0527701885191631,0
4704,4,0,0.6327698285871481,1
4705,3,0,0.006963366428197776,0
4706,3,1,0.09667023270007132,0
4707,4,0,0.2064806751855688,0
4708,4,0,0.061987899585752876,0
4709,3,0,0.010087749439750977,0
4710,1,0,0.1091933760006166,0
4711,1,1,0.6501296808560273,1
4712,4,0,0.03806525045574724,0
4713,5,1,0.7043469726215622,1
4714,4,0,0.045080161916610816,0
4715,5,0,0.08093093179377708,0
4716,1,0,0.11990568576227155,0
4717,1,1,0.663666231522251,1
4718,5,0,0.048710669963231853,0
4719,1,1,0.401992552860951,0
4720,2,1,0.26168165482100475,0
4721,1,0,0.09714403557827292,0
4722,4,0,0.11839190813117938,0
4723,1,1,0.6638040551974512,1
4724,1,1,0.7496373076807091,1
4725,3,1,0.16898263202989433,0
4726,2,0,0.028512095784064218,0
4727,2,0,0.8181073295660349,1
4728,1,0,0.03879082081017052,0
4729,2,1,0.3324904216875186,0
4730,4,1,0.6790155588263318,1
4731,5,1,0.19543491472226188,0
4732,2,1,0.5931504233679019,1
4733,4,0,0.021541274537833537,0
4734,1,0,0.034239498852019074,0
4735,4,1,0.4580413281603987,0
4736,1,0,0.2130161099516463,0
4737,1,0,0.046274543728587275,0
4738,4,0,0.06903811890418154,0
4739,2,0,0.10730855105769178,0
4740,5,1,0.11924937834008828,0
4741,4,0,0.0222621127444379,0
4742,2,1,0.3005592604186577,0
4743,4,0,0.09441615878651935,0
4744,5,0,0.036034618180344445,0
4745,1,0,0.014276179665679154,0
4746,4,0,0.03872421884280739,0
4747,2,1,0.16857746105044158,0
4748,1,1,0.6685307618913611,1
4749,1,1,0.5786001752491176,1
4750,5,0,0.11053568116458827,0
4751,3,0,0.018671393265693524,0
4752,1,0,0.7576135900946174,1
4753,4,0,0.5969661120306967,1
4754,5,0,0.4116478546940447,0
4755,5,0,0.37383484834555003,0
4756,1,1,0.13259804808958997,0
4757,5,1,0.5258442080295136,1
4758,2,0,0.03953357448147057,0
4759,1,0,0.02806214353343554,0
4760,2,1,0.5035266112248056,1
4761,3,0,0.08078706762139097,0
4762,1,0,0.08575007042987373,0
4763,2,0,0.035889139632798044,0
4764,2,0,0.4100038930370711,0
4765,2,0,0.009901940537249281,0
4766,3,1,0.3615680729065419,0
4767,5,0,0.13334196058456513,0
4768,5,0,0.16427221982745,0
4769,4,0,0.12426512702156353,0
4770,5,0,0.4730370193559591,0
4771,2,0,0.0355051943023159,0
4772,3,0,0.019859125203297884,0
4773,4,0,0.06983899000989413,0
4774,5,0,0.5749081852154473,1
4775,3,0,0.06032078981826553,0
4776,3,1,0.7257044937789126,1
4777,2,0,0.05944516311878579,0
4778,2,1,0.7312446796775389,1
4779,3,0,0.2265923045862139,0
4780,2,0,0.016356089667032368,0
4781,1,0,0.32100109765062435,0
4782,4,1,0.8025832207902767,1
4783,2,1,0.6295337572492845,1
4784,3,0,0.15244707796854515,0
4785,3,0,0.05521298092060896,0
4786,1,0,0.15397387128214252,0
4787,4,0,0.507415082970002,1
4788,4,0,0.03648508880920135,0
4789,1,0,0.04687423486823269,0
4790,2,0,0.05513519062278118,0
4791,2,0,0.18833689766174835,0
4792,3,1,0.06716140031257029,0
4793,4,0,0.035069491128090824,0
4794,5,0,0.28152170380160846,0
4795,1,1,0.5385748726266992,1
4796,5,1,0.7147884546947468,1
4797,1,1,0.25856772739464945,0
4798,5,1,0.16038453474204478,0
4799,4,1,0.7454134907493845,1
4800,5,0,0.22680142644828324,0
4801,4,0,0.102481340671044,0
4802,5,1,0.12119664653012033,0
4803,1,1,0.03214587400204696,0
4804,5,1,0.5043943812058111,1
4805,4,0,0.05211266921363989,0
4806,4,0,0.07313489807072782,0
4807,2,1,0.7023367024880613,1
4808,5,0,0.0699389660478885,0
4809,5,0,0.15747955949702677,0
4810,1,1,0.5769474144273707,1
4811,5,1,0.44910855275075656,0
4812,3,0,0.13808796634508466,0
4813,1,1,0.7147352110300179,1
4814,4,0,0.30708523887709527,0
4815,3,0,0.024164883949435344,0
4816,3,0,0.030016831141808756,0
4817,1,0,0.4781856526816721,0
4818,5,0,0.03224003312602533,0
4819,5,0,0.22760177753058042,0
4820,2,0,0.06806847665709018,0
4821,2,0,0.06105193340943631,0
4822,1,1,0.15438086089279326,0
4823,1,0,0.021844225438135297,0
4824,3,0,0.0239930648015445,0
4825,3,0,0.04704035645707355,0
4826,4,0,0.28346326507120667,0
4827,4,1,0.3342364157410492,0
4828,3,0,0.17606689800137637,0
4829,4,0,0.060456800204515375,0
4830,2,0,0.014626735474999635,0
4831,5,0,0.2877911535418908,0
4832,4,0,0.1276638905081772,0
4833,4,1,0.4187241675801467,0
4834,2,0,0.06572861886316222,0
4835,3,1,0.6104264939064522,1
4836,3,0,0.3398147224919462,0
4837,1,1,0.5500176934557491,1
4838,3,0,0.09911035766196605,0
4839,2,0,0.25530296979834993,0
4840,4,0,0.28049683750864435,0
4841,4,1,0.2306736487808203,0
4842,2,0,0.11230933633779348,0
4843,5,0,0.5310177556216926,1
4844,5,0,0.05296052377345748,0
4845,4,0,0.050484335605129986,0
4846,5,0,0.04834995953035434,0
4847,2,0,0.4599555401595236,0
4848,5,0,0.35693436702152126,0
4849,3,0,0.34716368407689496,0
4850,1,0,0.030790825546794402,0
4851,4,0,0.03137706800701327,0
4852,3,1,0.6123739615522604,1
4853,5,0,0.03152476230212983,0
4854,4,0,0.5857375265625384,1
4855,2,1,0.28445409959997286,0
4856,4,0,0.023849537549749483,0
4857,1,0,0.03943495577194644,0
4858,2,0,0.6136360897589943,1
4859,1,0,0.5650795411725353,1
4860,2,0,0.667050649845881,1
4861,5,0,0.015746369533444243,0
4862,2,0,0.20771904351149337,0
4863,4,0,0.035055592053969895,0
4864,2,1,0.24683844368365568,0
4865,1,0,0.015555323705489692,0
4866,4,1,0.7897590520682244,1
4867,1,0,0.18426650855684992,0
4868,5,1,0.03601647053172233,0
4869,2,0,0.03758233677470273,0
4870,2,0,0.3035030302142085,0
4871,4,0,0.01266049089713366,0
4872,1,1,0.7440009874975215,1
4873,1,0,0.08526646233463328,0
4874,1,0,0.114100437192012,0
4875,5,0,0.028259149058266896,0
4876,3,0,0.057809678377099584,0
4877,2,0,0.06194992853017947,0
4878,2,1,0.46853533796731933,0
4879,3,0,0.12940532942129243,0
4880,5,0,0.527428847180576,1
4881,2,0,0.023963185892014672,0
4882,4,0,0.19002251769564643,0
4883,5,0,0.05722430138814245,0
4884,4,1,0.6690377686894592,1
4885,1,0,0.479158908971202,0
4886,4,1,0.45621505889408637,0
4887,5,0,0.1652133851354227,0
4888,1,0,0.06658038350765419,0
4889,5,0,0.018799840080136944,0
4890,3,0,0.6411911579312096,1
4891,2,0,0.11719159341313364,0
4892,3,0,0.16086092564580826,0
4893,1,1,0.6318570611282639,1
4894,2,0,0.4320403082891944,0
4895,1,0,0.29202334508080263,0
4896,1,0,0.34346681219035613,0
4897,5,0,0.4530763000628906,0
4898,5,0,0.2917371821955138,0
4899,5,0,0.07497850931041365,0
4900,1,0,0.013103579366841952,0
4901,1,0,0.7144887518448791,1
4902,1,0,0.1505301493862665,0
4903,4,1,0.5353973459629768,1
4904,4,0,0.16641345848755407,0
4905,4,0,0.0973017911167861,0
4906,4,0,0.1134344003757638,0
4907,4,0,0.30103173171563363,0
4908,1,0,0.08623643825911705,0
4909,5,0,0.2253875905963257,0
4910,5,0,0.1096582129997437,0
4911,2,0,0.015298824271412048,0
4912,2,1,0.4874575771076227,0
4913,2,0,0.29270813229439335,0
4914,1,0,0.00888052777710065,0
4915,2,0,0.03568844164125557,0
4916,2,0,0.17146224510351005,0
4917,1,0,0.052654864271308305,0
4918,4,0,0.19476450160220177,0
4919,2,0,0.14571035072349356,0
4920,4,0,0.017854416622034113,0
4921,3,0,0.6737141255722624,1
4922,2,1,0.37364738736195413,0
4923,4,0,0.029699043315170887,0
4924,5,0,0.02033739130620185,0
4925,4,0,0.5309149120070283,1
4926,4,0,0.452080161902143,0
4927,2,0,0.6887044861456891,1
4928,2,0,0.04343736913011106,0
4929,5,1,0.2876888272058948,0
4930,1,0,0.725600040691403,1
4931,3,0,0.1055730890216941,0
4932,3,0,0.05251864680893465,0
4933,5,0,0.3541985990062099,0
4934,5,1,0.14501390039401924,0
4935,2,1,0.19809956498937206,0
4936,4,0,0.13408272361607593,0
4937,4,1,0.6794988325128352,1
4938,3,0,0.6818673301517846,1
4939,3,0,0.2941897182456564,0
4940,2,1,0.16667911650749273,0
4941,2,1,0.18007364448215654,0
4942,2,0,0.025221176711099916,0
4943,5,1,0.6739221051654476,1
4944,2,1,0.21994200205201098,0
4945,4,0,0.7648408721107003,1
4946,1,0,0.15342118066061597,0
4947,1,0,0.02332861693560941,0
4948,2,0,0.6899681694040659,1
4949,3,1,0.14228275738997637,0
4950,3,0,0.5698181754901639,1
4951,4,0,0.2225329839740444,0
4952,5,1,0.7180422497721698,1
4953,3,0,0.40223265358066235,0
4954,2,0,0.4287780657457064,0
4955,5,0,0.1391078507857866,0
4956,2,0,0.013656533204617752,0
4957,2,0,0.6222125975200972,1
4958,3,1,0.4993707538716419,0
4959,4,0,0.07338430349667117,0
4960,3,0,0.23794666484269728,0
4961,2,0,0.056031696799500534,0
4962,4,0,0.5035877844030955,1
4963,1,0,0.11169548154132125,0
4964,5,1,0.2555559632761347,0
4965,4,1,0.6197734103414783,1
4966,2,1,0.6538110322284395,1
4967,4,0,0.07603270419261832,0
4968,3,0,0.10199796414929463,0
4969,1,0,0.04684820073841206,0
4970,1,0,0.04793032444738931,0
4971,1,0,0.7042998301402947,1
4972,4,0,0.06578652586381234,0
4973,5,0,0.043348423350484944,0
4974,2,1,0.11699876697555729,0
4975,4,1,0.5654644501028906,1
4976,4,0,0.1328438799459541,0
4977,4,1,0.2866874464000315,0
4978,3,1,0.5664754676466435,1
4979,1,0,0.1690504460135265,0
4980,3,0,0.015536145090180475,0
4981,2,0,0.10167277390420036,0
4982,3,0,0.4740941812188309,0
4983,3,0,0.2890339312925788,0
4984,1,0,0.1437823542140806,0
4985,4,0,0.1547514833533223,0
4986,3,0,0.027770753629563768,0
4987,3,1,0.7893529951522311,1
4988,3,1,0.5050676418982618,1
4989,5,0,0.23233814710319048,0
4990,4,0,0.7282479633736212,1
4991,4,0,0.17276794401135293,0
4992,5,1,0.7946750947596053,1
4993,2,1,0.8458057928844626,1
4994,4,1,0.8034108049262095,1
4995,2,1,0.14902129143041676,0
4996,1,1,0.44217088860068304,0
4997,1,0,0.2554737451879095,0
4998,1,1,0.30190951100207175,0
4999,5,0,0.22781689791535797,0
5000,4,0,0.46825720261067544,0
5001,1,0,0.054448741665458246,0
5002,2,1,0.6896365855938864,1
5003,4,1,0.7973042355532595,1
5004,2,0,0.706202397955527,1
5005,4,0,0.031393038317300045,0
5006,1,0,0.04911777499344552,0
5007,4,0,0.049943369536673984,0
5008,3,0,0.03044442284425771,0
5009,4,0,0.01563349466110917,0
5010,5,0,0.10873786491639337,0
5011,1,0,0.029565403060564936,0
5012,4,1,0.7791098912789504,1
5013,3,1,0.5089177293733367,1
5014,4,0,0.36085342068066656,0
5015,5,0,0.17936273725041238,0
5016,4,1,0.5796745214990687,1
5017,2,0,0.23763715642720562,0
5018,1,0,0.23132708117161543,0
5019,5,0,0.7428270714500378,1
5020,4,1,0.3750628415695301,0
5021,3,0,0.03187476534781566,0
5022,5,1,0.23953861195598494,0
5023,3,0,0.04585038687245548,0
5024,3,1,0.11098365059337764,0
5025,3,0,0.23191417542738937,0
5026,1,0,0.23321624057751275,0
5027,5,0,0.026385646802234857,0
5028,5,0,0.035268924766787633,0
5029,5,0,0.1410565056396701,0
5030,3,0,0.4401121164386272,0
5031,4,0,0.018431596228742023,0
5032,3,1,0.599231443921924,1
5033,2,0,0.1843049913757692,0
5034,3,0,0.015142235684920614,0
5035,1,0,0.011420839264045001,0
5036,3,1,0.6209735642811537,1
5037,2,0,0.04899821184780097,0
5038,2,0,0.037294662768187076,0
5039,1,0,0.37089421880248924,0
5040,5,0,0.02987044948064369,0
5041,1,0,0.01792947099824128,0
5042,3,1,0.7263847796355704,1
5043,5,1,0.17561749343613514,0
5044,1,0,0.030771717771134292,0
5045,1,0,0.1692261621280128,0
5046,4,0,0.21950339097167584,0
5047,5,0,0.023770749536364714,0
5048,5,0,0.2523255324550799,0
5049,2,0,0.4512994182342947,0
5050,3,1,0.39363998811823536,0
5051,5,0,0.19924578855411412,0
5052,5,0,0.06875699401478451,0
5053,4,0,0.2424701362983044,0
5054,5,0,0.601963772263469,1
5055,1,1,0.09083208266687152,0
5056,2,0,0.06210518938333284,0
5057,4,0,0.10158411750964427,0
5058,3,0,0.5818240598502344,1
5059,2,1,0.6442838104118618,1
5060,2,0,0.08962849947771317,0
5061,4,0,0.46676554125675707,0
5062,1,0,0.5725963739901773,1
5063,5,0,0.2816625471504646,0
5064,4,0,0.01996358007125582,0
5065,2,0,0.024241407005860686,0
5066,1,0,0.1916134099944887,0
5067,5,0,0.29210637819675395,0
5068,1,1,0.37323723154330946,0
5069,3,1,0.6851734893454607,1
5070,2,1,0.5794039451129034,1
5071,1,0,0.11216895400964806,0
5072,4,1,0.356923046950431,0
5073,5,0,0.16726163202954517,0
5074,4,0,0.03180126793603253,0
5075,5,0,0.1560596246926631,0
5076,3,1,0.6484001289763671,1
5077,2,0,0.0651407951830513,0
5078,4,1,0.6442391386200913,1
5079,2,0,0.4935335331458374,0
5080,4,0,0.43202882824506794,0
5081,3,0,0.29526352938413064,0
5082,5,0,0.26973785230378866,0
5083,1,0,0.03983854857523918,0
5084,4,1,0.38358569388484265,0
5085,5,0,0.008799477889366707,0
5086,1,1,0.5628915537876386,1
5087,1,0,0.10439742462378614,0
5088,3,0,0.12940737279878287,0
5089,5,0,0.11646913719025422,0
5090,3,0,0.5303276359032272,1
5091,4,0,0.03423796693581793,0
5092,1,0,0.44578133335434905,0
5093,5,0,0.03655990389151107,0
5094,1,1,0.8096500026390018,1
5095,3,0,0.03151631044283854,0
5096,3,0,0.05718115306507247,0
5097,1,1,0.4664626531257215,0
5098,1,1,0.3404156817233938,0
5099,3,0,0.18322445783144461,0
5100,4,0,0.09986927691965433,0
5101,2,0,0.08342567537418567,0
5102,5,0,0.0694545295651441,0
5103,1,0,0.03639319064997693,0
5104,2,0,0.22394575243474352,0
5105,1,1,0.5065903485321668,1
5106,1,0,0.03632864393391273,0
5107,4,0,0.030698050578009763,0
5108,5,0,0.2875780264445404,0
5109,1,0,0.3609229256458839,0
5110,5,0,0.30429880867467873,0
5111,2,0,0.015144276049871787,0
5112,2,0,0.1005660020435827,0
5113,2,0,0.08221031095210118,0
5114,5,0,0.2827234075726614,0
5115,2,0,0.14629903772761885,0
5116,5,0,0.6277086878333337,1
5117,2,0,0.6658763991131358,1
5118,5,0,0.21936577778526703,0
5119,4,0,0.08415645808800125,0
5120,2,0,0.4154789979138654,0
5121,1,0,0.007061640873285069,0
5122,3,0,0.2275733504316257,0
5123,2,0,0.0713383742642697,0
5124,4,0,0.15355615827656985,0
5125,4,0,0.0408593226382359,0
5126,5,0,0.019566166480468168,0
5127,2,0,0.1441602866119133,0
5128,3,0,0.028266768760275954,0
5129,4,1,0.22643298455111496,0
5130,4,0,0.03427211682841277,0
5131,3,0,0.14173177012673946,0
5132,2,1,0.7368599215542343,1
5133,3,0,0.041075398672145984,0
5134,1,0,0.01063291366151866,0
5135,5,0,0.22024954981526976,0
5136,4,0,0.09304109293120792,0
5137,4,0,0.2218044575011104,0
5138,4,0,0.18233163520245751,0
5139,1,0,0.17673493135464094,0
5140,1,0,0.059309188999003344,0
5141,5,1,0.48328235827280286,0
5142,2,0,0.045246553548353316,0
5143,2,0,0.09596737324455126,0
5144,1,1,0.3722919957348768,0
5145,2,0,0.23183568018823802,0
5146,1,0,0.7185873934604372,1
5147,1,0,0.294900276987421,0
5148,3,0,0.3409363642862896,0
5149,5,1,0.5228539693154763,1
5150,5,1,0.05197091108358588,0
5151,4,0,0.023127097128690422,0
5152,3,0,0.30619987219132394,0
5153,3,0,0.03854002754014629,0
5154,1,0,0.2694661919504491,0
5155,2,0,0.029641896008322066,0
5156,3,0,0.03501399059228445,0
5157,4,0,0.1224090002840378,0
5158,3,0,0.3445842037037708,0
5159,4,0,0.15969250905907575,0
5160,5,0,0.17992141774685766,0
5161,1,1,0.7840485592244901,1
5162,2,1,0.6946025970358536,1
5163,3,0,0.10241573845167283,0
5164,4,0,0.376791211351519,0
5165,5,0,0.02494370950248281,0
5166,4,0,0.4725915100373728,0
5167,1,0,0.22821827404883238,0
5168,5,0,0.14279214969956772,0
5169,3,0,0.1297359046446763,0
5170,2,0,0.12855029108268456,0
5171,4,0,0.017879894664486466,0
5172,3,0,0.41026894444596884,0
5173,2,0,0.07437074348650526,0
5174,4,1,0.1257188426553907,0
5175,5,0,0.04945361971092247,0
5176,5,0,0.07084899533194984,0
5177,1,1,0.5244262676529617,1
5178,1,0,0.021040433457009552,0
5179,2,1,0.6454325141224069,1
5180,3,0,0.11410982654661231,0
5181,5,0,0.24429587181657864,0
5182,3,0,0.1569494760337081,0
5183,1,0,0.4495305528373792,0
5184,2,0,0.7547416804169979,1
5185,5,0,0.06843562370865502,0
5186,2,0,0.39485465442845896,0
5187,3,0,0.2627945128953733,0
5188,3,0,0.014664863699601665,0
5189,4,0,0.048417610828197115,0
5190,5,1,0.7166168487499339,1
5191,3,0,0.07239545763208098,0
5192,1,0,0.02170053332598534,0
5193,5,0,0.16097782967182592,0
5194,3,0,0.13954493875084417,0
5195,4,0,0.022594649015334742,0
5196,5,0,0.04608428312783725,0
5197,3,0,0.036958693324360255,0
5198,4,0,0.5616004909217716,1
5199,1,0,0.2900138508507072,0
5200,3,1,0.7065324185655191,1
5201,2,1,0.12735299418973745,0
5202,3,0,0.010218529177003737,0
5203,2,1,0.04046499316215701,0
5204,1,1,0.7985625262319163,1
5205,3,0,0.2304546703452282,0
5206,4,0,0.07436140480555241,0
5207,4,0,0.045629663811126334,0
5208,1,0,0.7485197024832171,1
5209,2,0,0.11436377789122992,0
5210,2,1,0.5792376139915736,1
5211,3,0,0.025173827139228503,0
5212,2,0,0.013984544033519954,0
5213,3,0,0.38561039115638396,0
5214,5,0,0.1142302169547495,0
5215,4,1,0.6060622636775628,1
5216,4,1,0.4291551769947194,0
5217,4,0,0.45656409237948664,0
5218,5,1,0.21567295976903272,0
5219,4,0,0.025005581447676284,0
5220,4,1,0.535615067297556,1
5221,1,0,0.22016426796161673,0
5222,1,1,0.6165372342095773,1
5223,3,0,0.16412584677751166,0
5224,5,1,0.4636979369620266,0
5225,5,0,0.1498869003003339,0
5226,4,0,0.19079407898925146,0
5227,5,0,0.13909417776255475,0
5228,4,1,0.4288554885962422,0
5229,1,0,0.3890599722333989,0
5230,3,1,0.6349707558215623,1
5231,2,0,0.177808648683641,0
5232,2,1,0.03684567055389478,0
5233,4,0,0.11190409043738991,0
5234,1,0,0.39539343175269126,0
5235,4,1,0.20237942340697596,0
5236,3,0,0.06718148057478338,0
5237,2,1,0.7886805807490975,1
5238,4,0,0.5770645293708044,1
5239,5,0,0.5091927974448949,1
5240,3,0,0.19942403248756815,0
5241,4,0,0.025854277325898053,0
5242,5,1,0.44005936498944703,0
5243,1,0,0.049131648741772664,0
5244,5,0,0.4446970102352031,0
5245,4,0,0.1267942821092616,0
5246,3,0,0.3367289935448725,0
5247,1,0,0.6359986629001655,1
5248,5,1,0.5689705633387677,1
5249,1,0,0.5478491972289328,1
5250,1,0,0.7168055522687669,1
5251,4,1,0.017216738239036706,0
5252,1,0,0.34878152675707175,0
5253,4,0,0.014243977276032304,0
5254,1,0,0.4583355536470152,0
5255,5,0,0.1755592289110892,0
5256,2,0,0.13954480048637802,0
5257,5,1,0.32652943453829036,0
5258,4,1,0.5175053037260594,1
5259,3,0,0.24600797234224941,0
5260,2,0,0.01100609533841652,0
5261,3,0,0.012434593388847589,0
5262,3,0,0.3313850752743099,0
5263,1,1,0.5533644984889162,1
5264,4,1,0.5340829523540368,1
5265,2,1,0.22205142180854084,0
5266,5,0,0.1286178431188673,0
5267,3,0,0.309851575851982,0
5268,5,0,0.7211894492557979,1
5269,3,1,0.6462711874368604,1
5270,2,1,0.1065444575651385,0
5271,3,1,0.24759446782626307,0
5272,1,1,0.18836311321520033,0
5273,4,1,0.5996747798306409,1
5274,2,0,0.028280546348148625,0
5275,2,1,0.12127651558432494,0
5276,3,0,0.03070592836126182,0
5277,5,0,0.023875646966548262,0
5278,5,1,0.2275656337077118,0
5279,3,0,0.37293870670880935,0
5280,5,0,0.5113646084141218,1
5281,3,1,0.7787793670725541,1
5282,3,0,0.024253704672778167,0
5283,1,1,0.2087417484747098,0
5284,2,0,0.01886657625711917,0
5285,2,0,0.12853147030224008,0
5286,2,1,0.046617123799960955,0
5287,3,0,0.5754270400430348,1
5288,1,0,0.5463412638800756,1
5289,1,0,0.04811612972116744,0
5290,1,1,0.5854922329475867,1
5291,3,0,0.02810836148939906,0
5292,1,0,0.044745886374286274,0
5293,5,0,0.157338760792464,0
5294,4,0,0.11885819103429038,0
5295,5,0,0.39425280442679345,0
5296,5,1,0.7311246106676086,1
5297,2,0,0.05455101756137108,0
5298,4,1,0.5348849051524067,1
5299,4,0,0.06016211429838634,0
5300,5,0,0.10392050042071235,0
5301,5,0,0.7258415341082272,1
5302,1,1,0.8038176463950429,1
5303,5,0,0.11336885727843218,0
5304,3,1,0.831244770303004,1
5305,3,1,0.023784953529448375,0
5306,5,0,0.03688291491143169,0
5307,2,0,0.28310513399033327,0
5308,5,0,0.03792530411214745,0
5309,4,0,0.10998684136062774,0
5310,2,0,0.425683566953669,0
5311,2,1,0.18412069247447058,0
5312,3,0,0.4082176951157543,0
5313,2,0,0.5638054067977419,1
5314,5,0,0.018370793819705914,0
5315,1,1,0.7070350604798857,1
5316,4,0,0.015314683088862555,0
5317,4,1,0.596345400009221,1
5318,2,1,0.27021950748314894,0
5319,4,1,0.8229491835404374,1
5320,5,0,0.040190552864224634,0
5321,2,0,0.5221669500314343,1
5322,5,0,0.017657407235757896,0
5323,5,0,0.13854497801236507,0
5324,5,0,0.0146186942001219,0
5325,3,0,0.7161806294222359,1
5326,1,0,0.05203423745931799,0
5327,1,0,0.1017433208313455,0
5328,2,0,0.22215474173232802,0
5329,5,0,0.022354865027594536,0
5330,5,0,0.007066856952047125,0
5331,5,0,0.009257786366290509,0
5332,1,0,0.353211966859401,0
5333,1,0,0.3743388761554093,0
5334,2,0,0.5034025139204282,1
5335,2,0,0.04252371589526141,0
5336,1,0,0.10639834086062469,0
5337,5,1,0.5432867092412249,1
5338,5,0,0.2404052056230789,0
5339,2,0,0.11867053936678987,0
5340,3,0,0.2242851904989675,0
5341,2,0,0.012149180148473196,0
5342,2,1,0.07803909273488317,0
5343,4,0,0.054556653505368,0
5344,5,1,0.2737410004468957,0
5345,4,0,0.17637738956346655,0
5346,2,0,0.04154494334067224,0
5347,5,1,0.6291723526403877,1
5348,2,0,0.409661379740989,0
5349,2,0,0.06709789994632834,0
5350,4,0,0.18741562180302937,0
5351,3,0,0.009510371149352118,0
5352,4,0,0.0784684551820711,0
5353,2,0,0.31477441089091757,0
5354,5,0,0.3441896155701819,0
5355,3,0,0.5699629323586561,1
5356,2,0,0.492080357084742,0
5357,3,0,0.6360600167062764,1
5358,2,0,0.3621556609132646,0
5359,5,0,0.20138146490140799,0
5360,1,1,0.3807214369098832,0
5361,5,0,0.09060463686598956,0
5362,5,0,0.16339391582531554,0
5363,5,0,0.07224389093929247,0
5364,4,1,0.2973512587473927,0
5365,2,0,0.4966350109216049,0
5366,2,1,0.6523186255850818,1
5367,3,1,0.6141420063879695,1
5368,2,0,0.03433221735682943,0
5369,1,0,0.014727506182053063,0
5370,4,0,0.6243516306741106,1
5371,3,1,0.46110993832177144,0
5372,4,0,0.11344163792913504,0
5373,2,0,0.044605366826598734,0
5374,4,0,0.027676198003216912,0
5375,4,0,0.03532979481132266,0
5376,4,0,0.11327539256587238,0
5377,3,0,0.17545874182545668,0
5378,4,0,0.7185660673420341,1
5379,5,0,0.01539134615822289,0
5380,3,0,0.07140772356686516,0
5381,5,0,0.08587289558280564,0
5382,2,0,0.034767300123507636,0
5383,4,0,0.11215126573997347,0
5384,2,1,0.3626215095664952,0
5385,5,1,0.14477695386758616,0
5386,2,0,0.09539082004065619,0
5387,1,0,0.015165888020548381,0
5388,4,0,0.6239527923261123,1
5389,3,0,0.01969578097873398,0
5390,4,0,0.060526374621768124,0
5391,4,1,0.4875868870753499,0
5392,3,1,0.7515398230204139,1
5393,5,0,0.27440646298106364,0
5394,5,0,0.023478566052672716,0
5395,4,0,0.7329182437890989,1
5396,2,1,0.5347175112163286,1
5397,4,1,0.06824249248646717,0
5398,3,0,0.34210987048483565,0
5399,3,0,0.2870483397799406,0
5400,3,1,0.6670211729132539,1
5401,1,0,0.5410852963428432,1
5402,2,0,0.04154491815927351,0
5403,2,1,0.3854674262898802,0
5404,1,0,0.026272771527817835,0
5405,5,0,0.7144026900620103,1
5406,4,0,0.019317821989987934,0
5407,2,0,0.12279097204109968,0
5408,5,0,0.5710031935573333,1
5409,5,0,0.02932820267358676,0
5410,2,1,0.7533853181604868,1
5411,2,0,0.5121108746388057,1
5412,4,0,0.45395075968610604,0
5413,5,0,0.20448967231560858,0
5414,1,1,0.5193915907303913,1
5415,5,1,0.6619230978478536,1
5416,3,0,0.16017472903955104,0
5417,2,0,0.3741868345618547,0
5418,1,0,0.014802328495555373,0
5419,4,1,0.786753298899553,1
5420,2,1,0.6600623144570479,1
5421,1,0,0.04039296827464545,0
5422,4,0,0.10621189699568322,0
5423,2,0,0.021491071559815424,0
5424,1,0,0.09079530798219468,0
5425,4,0,0.282750281928251,0
5426,5,0,0.011344288235005379,0
5427,4,0,0.38018923520978964,0
5428,3,1,0.7051148505980217,1
5429,2,0,0.09786539302605206,0
5430,5,0,0.05187596257383837,0
5431,4,0,0.30084323574019906,0
5432,2,0,0.04158185807771756,0
5433,4,0,0.03878908643677821,0
5434,5,0,0.058016109847587774,0
5435,2,0,0.0776898262156882,0
5436,2,0,0.07926970410189717,0
5437,5,1,0.15166816776558628,0
5438,4,0,0.5707024235938535,1
5439,5,1,0.5450145850807583,1
5440,2,1,0.36737222668078456,0
5441,3,0,0.04903925165900484,0
5442,4,0,0.08648165833809694,0
5443,3,0,0.4736862346749729,0
5444,1,0,0.22999545135525554,0
5445,3,0,0.10903043934683368,0
5446,5,0,0.030976446596811667,0
5447,5,1,0.56838094554452,1
5448,3,0,0.036256067123997676,0
5449,1,0,0.039786119246618123,0
5450,4,0,0.02045250619329015,0
5451,4,0,0.1009649571076855,0
5452,3,1,0.832162059500219,1
5453,4,0,0.020128381350654288,0
5454,3,1,0.29120898099598025,0
5455,1,0,0.01281677032724409,0
5456,3,0,0.10031885253747165,0
5457,1,1,0.3872949820585879,0
5458,1,1,0.060701178452790966,0
5459,1,0,0.03001628721520608,0
5460,3,0,0.05862985992580634,0
5461,3,1,0.7916510361176424,1
5462,4,0,0.031037625547510342,0
5463,3,0,0.3718678417110179,0
5464,4,0,0.266796487658735,0
5465,3,0,0.0590008080315266,0
5466,5,0,0.041962025578970046,0
5467,2,1,0.15547556271788787,0
5468,3,0,0.13752179970550435,0
5469,1,0,0.5338493577209772,1
5470,3,0,0.04782004469902661,0
5471,3,1,0.654525165549386,1
5472,1,0,0.36018817124817304,0
5473,3,0,0.3934544282745824,0
5474,1,0,0.03877800894103254,0
5475,4,0,0.08081274372359579,0
5476,2,0,0.018058663257710637,0
5477,1,1,0.6637392829724554,1
5478,2,0,0.6848165187471474,1
5479,4,0,0.42970652246576113,0
5480,2,0,0.06534282386924946,0
5481,4,0,0.22460480069021485,0
5482,3,0,0.22203059924601423,0
5483,2,0,0.03951634115754897,0
5484,2,0,0.599492292881907,1
5485,4,0,0.1761280452615621,0
5486,5,0,0.054142973485456866,0
5487,5,0,0.057204475282055814,0
5488,5,1,0.5063626616795239,1
5489,1,0,0.05930787231652765,0
5490,5,0,0.019188493344338482,0
5491,5,1,0.17556505467888983,0
5492,5,1,0.11943206754534376,0
5493,2,1,0.2974383780385608,0
5494,3,0,0.09864043248310617,0
5495,2,1,0.6681578302367163,1
5496,2,0,0.1215477967639281,0
5497,4,0,0.1717853269424959,0
5498,1,0,0.5296533890651638,1
5499,1,0,0.0980091626156452,0
5500,1,1,0.7797917040498218,1
5501,3,0,0.33900320283736124,0
5502,1,0,0.17437994532926623,0
5503,3,0,0.17538847888864958,0
5504,5,0,0.14887913920937584,0
5505,1,0,0.31308857508486204,0
5506,2,0,0.16108318527008664,0
5507,2,0,0.18655201469420551,0
5508,4,1,0.33690221797607084,0
5509,1,0,0.014515597617740898,0
5510,5,0,0.010228320886243808,0
5511,4,0,0.2877952919019941,0
5512,5,0,0.14361133034370735,0
5513,3,0,0.10726609306260228,0
5514,2,1,0.15878012382412132,0
5515,5,0,0.020620701744139523,0
5516,2,0,0.018504591410639308,0
5517,2,0,0.42951575263082437,0
5518,5,0,0.7403915666660589,1
5519,4,1,0.7946600892205843,1
5520,4,1,0.6330296040484942,1
5521,5,0,0.020315728823996352,0
5522,1,1,0.210068658119616,0
5523,1,0,0.0429238207039018,0
5524,1,1,0.4739498465076999,0
5525,5,0,0.4350545867188896,0
5526,1,0,0.33590289595870754,0
5527,5,0,0.03188709427936766,0
5528,3,0,0.13833214681650394,0
5529,2,0,0.0193111755334646,0
5530,3,0,0.31198542520340855,0
5531,1,0,0.24886234406103688,0
5532,5,1,0.7469313746704314,1
5533,1,0,0.7161164126736244,1
5534,5,1,0.09948814448529113,0
5535,2,0,0.02696850355988901,0
5536,4,0,0.23987153913462775,0
5537,5,1,0.6988698570193971,1
5538,3,0,0.025089554085315956,0
5539,1,0,0.1792008927623616,0
5540,2,0,0.09623757180721332,0
5541,5,0,0.34971563078493184,0
5542,3,1,0.7915156474659673,1
5543,5,0,0.2718240382113096,0
5544,2,0,0.1642569658936574,0
5545,4,0,0.06810578260685984,0
5546,2,1,0.6933232712543657,1
5547,5,0,0.030904866536061552,0
5548,2,0,0.14263841357858625,0
5549,4,0,0.5657355729688758,1
5550,1,1,0.1271662031191188,0
5551,3,1,0.45284371783706123,0
5552,2,1,0.30847700836123765,0
5553,5,0,0.03480178267145965,0
5554,5,0,0.2740654150074567,0
5555,2,0,0.24443297808557568,0
5556,4,1,0.42304027672308653,0
5557,3,0,0.2605562882506286,0
5558,3,1,0.7724672271275702,1
5559,1,1,0.23265905055532168,0
5560,4,0,0.5911271182236896,1
5561,3,0,0.21225973376264481,0
5562,1,0,0.07407879393931577,0
5563,4,1,0.7722406795123418,1
5564,5,0,0.07202055678456107,0
5565,1,0,0.08285637516906015,0
5566,4,0,0.11305159796674105,0
5567,5,0,0.18618256318019616,0
5568,2,0,0.03378122029549839,0
5569,5,1,0.34415263180034517,0
5570,4,0,0.0696701127014589,0
5571,2,0,0.1144386826309007,0
5572,3,0,0.02959342158222495,0
5573,2,0,0.22729508952412789,0
5574,4,0,0.11518723192047085,0
5575,4,0,0.7102411617983462,1
5576,3,0,0.034250337833558964,0
5577,1,0,0.03862380636866985,0
5578,3,0,0.049596085303469824,0
5579,3,0,0.345668125848591,0
5580,1,0,0.022213428143487427,0
5581,3,0,0.060212963476958425,0
5582,4,0,0.5737698199998071,1
5583,1,0,0.47989580452719616,0
5584,5,0,0.052564867069353136,0
5585,5,0,0.02725046311775552,0
5586,2,1,0.38034237371150575,0
5587,4,0,0.29049302825354645,0
5588,2,0,0.7592075468323525,1
5589,2,0,0.03495016660581437,0
5590,3,0,0.09121238427305486,0
5591,4,0,0.13864411135829732,0
5592,4,0,0.04944173536087122,0
5593,1,0,0.01838953194124328,0
5594,3,0,0.11485106607386843,0
5595,1,1,0.17266806690638517,0
5596,4,1,0.12719227244040449,0
5597,3,1,0.47900317347632243,0
5598,3,1,0.20576724831868856,0
5599,5,1,0.6380278208759129,1
5600,1,1,0.6998273708278642,1
5601,2,0,0.021650871664250823,0
5602,4,0,0.026075196889564202,0
5603,3,1,0.1871625302371961,0
5604,3,0,0.15519851480736035,0
5605,4,0,0.0959673224832128,0
5606,2,0,0.026076741411833457,0
5607,3,1,0.3883158267223341,0
5608,1,0,0.06030607391073296,0
5609,1,1,0.717301021599833,1
5610,4,0,0.3481371299894211,0
5611,5,0,0.11582408927310814,0
5612,2,1,0.7224437261128052,1
5613,5,0,0.489983560497613,0
5614,2,0,0.03323720378482661,0
5615,2,1,0.6796660689839235,1
5616,3,0,0.06585658372539718,0
5617,3,0,0.017321255352715535,0
5618,1,0,0.016551906594903864,0
5619,3,0,0.5538518537580024,1
5620,2,1,0.2871586282105023,0
5621,1,0,0.4070461281462152,0
5622,4,0,0.0206757568005056,0
5623,1,1,0.5356604162361361,1
5624,4,0,0.6960571808292549,1
5625,2,1,0.23298480294517007,0
5626,5,0,0.05902654442299649,0
5627,1,0,0.2768994993646599,0
5628,5,1,0.2262194922981448,0
5629,4,0,0.09453461455236256,0
5630,1,1,0.30499886194057674,0
5631,3,1,0.5495391575143536,1
5632,5,0,0.025030355058185322,0
5633,2,0,0.14222408965201588,0
